cfg,val_fp,val_pct_mean,test_fp,test_pct_mean,test_pct_max,test_pct_q90,n_tied_at_min,seconds,design,method,replicate,fit_files,val_files,test_files,test_windows
"(200, 0.5)",0.0,0.3780369290573372,0.07142857142857142,0.6122448979591838,0.9795918367346939,0.9612244897959185,6,1.0460254999998142,A,forest,0,7,3,2,14
"(200, 0.5)",0.0,0.48882410106899904,0.0,0.6268221574344024,0.9795918367346939,0.9122448979591837,5,1.0306430999999066,A,forest,1,7,3,2,14
"(200, 0.5)",0.0,0.5150631681243926,0.0,0.663265306122449,0.9795918367346939,0.9591836734693877,5,1.016954700000042,A,forest,2,7,3,2,14
"(200, 0.5)",0.0,0.47327502429543244,0.0,0.6268221574344024,0.9591836734693877,0.8775510204081632,6,1.0340181999999913,A,forest,3,7,3,2,14
"(200, 0.5)",0.0,0.5889212827988338,0.0,0.6443148688046648,0.9591836734693877,0.9326530612244899,5,1.0914509000003818,A,forest,4,7,3,2,14
"(200, 0.5)",0.0,0.5218658892128281,0.0,0.6399416909620992,0.9795918367346939,0.9591836734693877,6,1.03015379999988,A,forest,5,7,3,2,14
"(200, 0.5)",0.0,0.5228377065111759,0.0,0.6195335276967929,0.9591836734693877,0.8714285714285714,6,1.0209743000000344,A,forest,6,7,3,2,14
"(200, 0.5)",0.0,0.5257531584062197,0.0,0.6253644314868804,0.9387755102040817,0.8979591836734694,6,1.0319312999999966,A,forest,7,7,3,2,14
"(200, 0.5)",0.0,0.3790087463556851,0.07142857142857142,0.6093294460641401,1.0,0.9285714285714286,6,1.0262877999998636,A,forest,8,7,3,2,14
"(200, 0.5)",0.0,0.5228377065111759,0.07142857142857142,0.6428571428571429,1.0,0.9591836734693877,6,0.9961355999998887,A,forest,9,7,3,2,14
"(200, 0.5)",0.0,0.5189504373177842,0.0,0.641399416909621,0.9591836734693877,0.9469387755102041,6,1.0175666000000092,A,forest,10,7,3,2,14
"(200, 0.5)",0.0,0.49854227405247814,0.0,0.6486880466472302,0.9183673469387755,0.9061224489795919,6,1.039440200000172,A,forest,11,7,3,2,14
"(200, 0.5)",0.0,0.43828960155490776,0.07142857142857142,0.6399416909620992,1.0,0.9387755102040817,6,1.0118741000001137,A,forest,12,7,3,2,14
"(200, 0.5)",0.0,0.3955296404275997,0.0,0.6282798833819242,0.9795918367346939,0.9122448979591837,6,1.0019067000002906,A,forest,13,7,3,2,14
"(100, 1.0)",0.09523809523809523,0.6637512147716228,0.07142857142857142,0.717201166180758,1.0,0.9795918367346939,1,1.0093892999998388,A,forest,14,7,3,2,14
"(200, 0.5)",0.0,0.532555879494655,0.07142857142857142,0.641399416909621,0.9795918367346939,0.8918367346938776,6,1.0350646000001689,A,forest,15,7,3,2,14
"(200, 0.5)",0.0,0.37123420796890183,0.07142857142857142,0.6209912536443148,0.9795918367346939,0.9326530612244899,6,1.004239200000029,A,forest,16,7,3,2,14
"(200, 0.5)",0.0,0.5179786200194363,0.0,0.6253644314868804,0.9387755102040817,0.8857142857142858,6,0.994332299999769,A,forest,17,7,3,2,14
"(200, 0.5)",0.0,0.5296404275996112,0.07142857142857142,0.6516034985422741,0.9795918367346939,0.9122448979591837,6,1.031663600000229,A,forest,18,7,3,2,14
"(200, 0.5)",0.0,0.531584062196307,0.0,0.6355685131195336,0.9591836734693877,0.8918367346938776,6,1.0484912000001714,A,forest,19,7,3,2,14
"(200, 0.5)",0.0,0.5889212827988339,0.07142857142857142,0.6603498542274052,0.9795918367346939,0.9183673469387755,5,1.015277099999821,A,forest,20,7,3,2,14
"(200, 0.5)",0.0,0.6656948493683187,0.0,0.6763848396501457,0.9387755102040817,0.9122448979591837,5,0.9933297999996284,A,forest,21,7,3,2,14
"(200, 0.8)",0.047619047619047616,0.5626822157434402,0.07142857142857142,0.6749271137026238,1.0,0.9795918367346939,1,1.0126668999996582,A,forest,22,7,3,2,14
"(200, 0.5)",0.0,0.41399416909620995,0.0,0.6224489795918368,0.9795918367346939,0.9183673469387755,6,1.0556679000001168,A,forest,23,7,3,2,14
"(200, 0.5)",0.0,0.4859086491739552,0.0,0.6370262390670554,0.9795918367346939,0.9591836734693877,4,1.0483832999998413,A,forest,24,7,3,2,14
"(200, 0.5)",0.0,0.490767735665695,0.07142857142857142,0.6034985422740525,1.0,0.9612244897959185,6,0.9886547999999493,A,forest,25,7,3,2,14
"(200, 0.5)",0.14285714285714285,0.640427599611273,0.07142857142857142,0.6880466472303206,1.0,0.9530612244897959,4,1.0389348000003338,A,forest,26,7,3,2,14
"(200, 0.5)",0.0,0.4868804664723032,0.0,0.6457725947521865,0.9795918367346939,0.8979591836734694,6,1.0661462000002757,A,forest,27,7,3,2,14
"(100, 0.5)",0.0,0.44023323615160354,0.14285714285714285,0.6282798833819242,1.0,0.9795918367346939,1,1.0274201999995967,A,forest,28,7,3,2,14
"(200, 0.5)",0.0,0.4781341107871719,0.0,0.6253644314868804,0.9795918367346939,0.8163265306122449,6,1.040839700000106,A,forest,29,7,3,2,14
"(200, 0.5)",0.0,0.4334305150631682,0.0,0.6166180758017493,0.9183673469387755,0.8775510204081632,6,1.0958352000002378,A,forest,30,7,3,2,14
"(200, 0.5)",0.0,0.5393586005830903,0.0,0.6195335276967932,0.9795918367346939,0.9183673469387755,6,1.0782137000001057,A,forest,31,7,3,2,14
"(200, 0.5)",0.0,0.4509232264334306,0.0,0.6166180758017493,0.9591836734693877,0.9408163265306123,6,1.0471929000000273,A,forest,32,7,3,2,14
"(200, 0.5)",0.0,0.49854227405247803,0.07142857142857142,0.6355685131195336,0.9795918367346939,0.8918367346938776,2,1.0733820999998898,A,forest,33,7,3,2,14
"(200, 0.5)",0.0,0.3994169096209912,0.07142857142857142,0.6209912536443147,1.0,0.9183673469387755,6,1.1151890999999523,A,forest,34,7,3,2,14
"(200, 0.8)",0.047619047619047616,0.46841593780369284,0.07142857142857142,0.6559766763848397,1.0,0.9795918367346939,3,1.0858895000001212,A,forest,35,7,3,2,14
"(200, 0.5)",0.0,0.5442176870748299,0.0,0.6370262390670555,0.9795918367346939,0.8938775510204082,6,1.0892853000000287,A,forest,36,7,3,2,14
"(200, 0.8)",0.047619047619047616,0.6656948493683188,0.07142857142857142,0.6865889212827989,1.0,0.9265306122448981,2,1.0821170999997776,A,forest,37,7,3,2,14
"(200, 0.5)",0.0,0.44606413994169086,0.07142857142857142,0.6034985422740525,0.9795918367346939,0.9122448979591837,6,1.1587729000002582,A,forest,38,7,3,2,14
"(200, 0.5)",0.0,0.4188532555879495,0.0,0.6166180758017493,0.9795918367346939,0.9469387755102041,6,1.0910570000000916,A,forest,39,7,3,2,14
"(200, 0.5)",0.0,0.5830903790087463,0.0,0.6603498542274053,0.9591836734693877,0.8979591836734694,6,1.0437391000000389,A,forest,40,7,3,2,14
"(200, 0.5)",0.0,0.5102040816326531,0.07142857142857142,0.6268221574344023,0.9795918367346939,0.8367346938775511,6,1.0584635000000162,A,forest,41,7,3,2,14
"(200, 0.5)",0.0,0.565597667638484,0.07142857142857142,0.6618075801749271,0.9795918367346939,0.9061224489795919,6,1.125713099999757,A,forest,42,7,3,2,14
"(200, 0.5)",0.14285714285714285,0.5286686103012634,0.07142857142857142,0.6574344023323615,1.0,0.9734693877551021,4,1.0791033000000425,A,forest,43,7,3,2,14
"(200, 0.5)",0.0,0.44217687074829937,0.07142857142857142,0.631195335276968,1.0,0.9183673469387755,2,1.0889274000001024,A,forest,44,7,3,2,14
"(200, 0.5)",0.0,0.5306122448979591,0.07142857142857142,0.673469387755102,1.0,0.9673469387755103,6,1.117450799999915,A,forest,45,7,3,2,14
"(200, 0.5)",0.0,0.6287657920310981,0.0,0.6807580174927114,0.9591836734693877,0.8979591836734694,6,1.204552899999726,A,forest,46,7,3,2,14
"(100, 0.5)",0.047619047619047616,0.6239067055393586,0.14285714285714285,0.6967930029154518,1.0,0.9877551020408164,1,1.087022700000034,A,forest,47,7,3,2,14
"(200, 0.5)",0.0,0.5490767735665694,0.07142857142857142,0.6647230320699709,1.0,0.9591836734693877,6,1.1122192000002542,A,forest,48,7,3,2,14
"(200, 0.5)",0.0,0.49854227405247814,0.0,0.6428571428571429,0.9591836734693877,0.9122448979591837,6,1.1007635000000846,A,forest,49,7,3,2,14
"(200, 0.5)",0.0,0.5908649173955296,0.0,0.6559766763848396,0.9795918367346939,0.9612244897959185,5,1.0761523999999554,A,forest,0,7,3,2,14
"(100, 1.0)",0.047619047619047616,0.6413994169096209,0.07142857142857142,0.7172011661807579,0.9795918367346939,0.9795918367346939,1,1.0548420000000078,A,forest,1,7,3,2,14
"(200, 0.5)",0.0,0.4207968901846453,0.07142857142857142,0.6209912536443148,0.9795918367346939,0.9204081632653062,6,1.0579554999999345,A,forest,2,7,3,2,14
"(200, 0.5)",0.0,0.4314868804664723,0.0,0.6122448979591837,0.9795918367346939,0.8979591836734694,6,1.0579445999997006,A,forest,3,7,3,2,14
"(200, 0.5)",0.0,0.4528668610301263,0.0,0.6239067055393587,0.9795918367346939,0.9122448979591837,4,1.0466952000001584,A,forest,4,7,3,2,14
"(200, 0.5)",0.0,0.5500485908649173,0.07142857142857142,0.6486880466472303,1.0,0.8918367346938776,2,1.0195958000003884,A,forest,5,7,3,2,14
"(200, 0.5)",0.0,0.5578231292517006,0.07142857142857142,0.6588921282798833,1.0,0.9061224489795919,6,1.1184666999997717,A,forest,6,7,3,2,14
"(200, 0.5)",0.0,0.4936831875607386,0.0,0.6195335276967929,0.9795918367346939,0.9591836734693877,6,1.0539729000001898,A,forest,7,7,3,2,14
"(200, 0.5)",0.0,0.4742468415937803,0.0,0.6224489795918368,0.9591836734693877,0.8918367346938776,6,1.0696414000003642,A,forest,8,7,3,2,14
"(200, 0.5)",0.0,0.5830903790087463,0.0,0.6443148688046648,0.9591836734693877,0.8653061224489796,6,1.0904916999998022,A,forest,9,7,3,2,14
"(200, 1.0)",0.047619047619047616,0.6676384839650146,0.07142857142857142,0.6953352769679301,0.9795918367346939,0.9734693877551021,1,1.0835330999998405,A,forest,10,7,3,2,14
"(100, 0.5)",0.0,0.4256559766763849,0.14285714285714285,0.6180758017492712,0.9795918367346939,0.9795918367346939,1,1.0883813000000373,A,forest,11,7,3,2,14
"(200, 0.5)",0.0,0.48979591836734687,0.0,0.6501457725947521,0.9591836734693877,0.8918367346938776,6,1.10868309999978,A,forest,12,7,3,2,14
"(200, 0.5)",0.0,0.6209912536443148,0.07142857142857142,0.6938775510204082,0.9795918367346939,0.9591836734693877,6,1.1039091000002372,A,forest,13,7,3,2,14
"(200, 0.5)",0.0,0.5830903790087463,0.07142857142857142,0.6428571428571429,1.0,0.9408163265306123,5,1.0892579999999725,A,forest,14,7,3,2,14
"(200, 0.5)",0.0,0.5519922254616132,0.07142857142857142,0.653061224489796,0.9795918367346939,0.8857142857142858,2,1.1068147000000863,A,forest,15,7,3,2,14
"(200, 0.5)",0.0,0.4936831875607386,0.07142857142857142,0.6239067055393586,1.0,0.9530612244897959,6,1.0832205000001522,A,forest,16,7,3,2,14
"(200, 0.5)",0.0,0.5568513119533527,0.07142857142857142,0.6632653061224488,0.9795918367346939,0.9591836734693877,6,1.106851099999858,A,forest,17,7,3,2,14
"(200, 0.5)",0.0,0.4771622934888241,0.0,0.6574344023323615,0.9795918367346939,0.9387755102040817,5,1.0644889999998668,A,forest,18,7,3,2,14
"(200, 0.5)",0.0,0.532555879494655,0.07142857142857142,0.6457725947521865,1.0,0.9387755102040817,6,1.046836600000006,A,forest,19,7,3,2,14
"(200, 0.5)",0.0,0.47327502429543256,0.0,0.6195335276967932,0.9795918367346939,0.8857142857142858,6,1.0657905000002756,A,forest,20,7,3,2,14
"(200, 0.5)",0.0,0.5383867832847425,0.0,0.6559766763848397,0.9591836734693877,0.9265306122448981,6,1.1145479000001615,A,forest,21,7,3,2,14
"(200, 0.8)",0.0,0.5675413022351798,0.07142857142857142,0.6763848396501456,1.0,0.9326530612244899,2,1.0612651000001279,A,forest,22,7,3,2,14
"(200, 0.5)",0.0,0.511175898931001,0.0,0.6370262390670554,0.9795918367346939,0.9387755102040817,6,1.0294653999999355,A,forest,23,7,3,2,14
"(200, 0.5)",0.09523809523809523,0.5267249757045677,0.21428571428571427,0.6618075801749271,1.0,1.0,6,1.0400108000003456,A,forest,24,7,3,2,14
"(200, 0.5)",0.0,0.6647230320699709,0.0,0.6793002915451894,0.9387755102040817,0.8979591836734694,4,1.0477541000000201,A,forest,25,7,3,2,14
"(200, 0.5)",0.0,0.5092322643343051,0.0,0.6574344023323614,0.9795918367346939,0.9530612244897959,6,1.042806599999949,A,forest,26,7,3,2,14
"(200, 0.5)",0.0,0.4703595724003887,0.0,0.6209912536443147,0.9795918367346939,0.8591836734693878,6,1.044926999999916,A,forest,27,7,3,2,14
"(200, 0.5)",0.0,0.5704567541302235,0.07142857142857142,0.6516034985422741,0.9795918367346939,0.9530612244897959,6,1.0284427000001415,A,forest,28,7,3,2,14
"(200, 0.5)",0.0,0.5782312925170068,0.0,0.6545189504373179,0.9795918367346939,0.9326530612244899,6,1.0360686999997597,A,forest,29,7,3,2,14
"(200, 0.5)",0.0,0.5850340136054422,0.0,0.6647230320699707,0.9591836734693877,0.9387755102040817,3,1.032728600000155,A,forest,30,7,3,2,14
"(200, 0.5)",0.0,0.4412050534499515,0.0,0.60932944606414,0.9795918367346939,0.8979591836734694,4,1.030103500000223,A,forest,31,7,3,2,14
"(100, 1.0)",0.0,0.5247813411078717,0.07142857142857142,0.685131195335277,1.0,0.9591836734693877,1,1.070969899999909,A,forest,32,7,3,2,14
"(200, 0.5)",0.0,0.4489795918367347,0.07142857142857142,0.6268221574344023,0.9795918367346939,0.8979591836734694,6,1.0543790000001536,A,forest,33,7,3,2,14
"(200, 0.5)",0.0,0.531584062196307,0.07142857142857142,0.6209912536443148,0.9795918367346939,0.8979591836734694,6,1.0331404999997176,A,forest,34,7,3,2,14
"(200, 0.8)",0.047619047619047616,0.596695821185617,0.07142857142857142,0.6836734693877551,1.0,0.9612244897959185,2,1.0440421999996943,A,forest,35,7,3,2,14
"(200, 0.5)",0.0,0.5267249757045674,0.0,0.663265306122449,0.9795918367346939,0.9387755102040817,6,1.0240066999999726,A,forest,36,7,3,2,14
"(200, 0.5)",0.0,0.45772594752186596,0.0,0.6311953352769679,0.9591836734693877,0.8714285714285714,6,1.0178961000001436,A,forest,37,7,3,2,14
"(200, 0.5)",0.0,0.652089407191448,0.0,0.6807580174927114,0.9795918367346939,0.9326530612244899,4,1.040915000000041,A,forest,38,7,3,2,14
"(200, 0.5)",0.0,0.4266277939747326,0.0,0.6268221574344024,0.9795918367346939,0.9326530612244899,6,1.0026275999998688,A,forest,39,7,3,2,14
"(200, 0.5)",0.047619047619047616,0.4557823129251701,0.14285714285714285,0.6151603498542275,1.0,0.9877551020408164,2,1.096172900000056,A,forest,40,7,3,2,14
"(200, 0.8)",0.047619047619047616,0.5296404275996114,0.07142857142857142,0.6661807580174927,1.0,0.9734693877551021,5,1.081446799999867,A,forest,41,7,3,2,14
"(200, 0.5)",0.0,0.4907677356656948,0.0,0.6486880466472303,0.9591836734693877,0.8775510204081632,6,1.0217995999996674,A,forest,42,7,3,2,14
"(200, 0.5)",0.0,0.512147716229349,0.07142857142857142,0.6618075801749271,0.9795918367346939,0.9326530612244899,6,1.0680564999997841,A,forest,43,7,3,2,14
"(200, 0.5)",0.0,0.402332361516035,0.0,0.607871720116618,0.9795918367346939,0.9387755102040817,4,1.0760746000000836,A,forest,44,7,3,2,14
"(200, 0.5)",0.0,0.6656948493683187,0.0,0.6778425655976675,0.9387755102040817,0.9326530612244899,6,1.0654726000002483,A,forest,45,7,3,2,14
"(200, 0.5)",0.0,0.662779397473275,0.0,0.6982507288629739,0.9387755102040817,0.9387755102040817,5,1.0422452999996494,A,forest,46,7,3,2,14
"(200, 0.5)",0.09523809523809523,0.6793002915451896,0.07142857142857142,0.6880466472303207,1.0,0.9183673469387755,4,1.0678501000002143,A,forest,47,7,3,2,14
"(100, 0.5)",0.0,0.6880466472303206,0.0,0.6661807580174928,0.9387755102040817,0.9183673469387755,1,1.0566223999999238,A,forest,48,7,3,2,14
"(200, 0.5)",0.0,0.48299319727891143,0.07142857142857142,0.6239067055393586,0.9795918367346939,0.9122448979591837,6,1.078274699999838,A,forest,49,7,3,2,14
"(200, 0.5)",0.09523809523809523,0.6171039844509233,0.07142857142857142,0.6793002915451896,1.0,0.9469387755102041,3,1.041438400000061,A,forest,50,7,3,2,14
"(200, 0.5)",0.0,0.5053449951409136,0.07142857142857142,0.6399416909620992,1.0,0.9591836734693877,6,1.0567161999997552,A,forest,51,7,3,2,14
"(100, 0.5)",0.0,0.6268221574344024,0.07142857142857142,0.6749271137026239,0.9795918367346939,0.9469387755102041,2,1.0696571999997104,A,forest,52,7,3,2,14
"(200, 0.5)",0.0,0.3751214771622935,0.07142857142857142,0.6005830903790088,0.9795918367346939,0.9,6,1.0539849000001595,A,forest,53,7,3,2,14
"(200, 0.5)",0.0,0.6326530612244898,0.0,0.6326530612244898,0.9387755102040817,0.9204081632653062,3,1.051550799999859,A,forest,54,7,3,2,14
"(100, 1.0)",0.0,0.5247813411078718,0.07142857142857142,0.685131195335277,1.0,0.9591836734693877,1,1.071840400000383,A,forest,55,7,3,2,14
"(200, 0.5)",0.0,0.4373177842565598,0.07142857142857142,0.6049562682215744,0.9795918367346939,0.9142857142857144,6,1.0859393999999156,A,forest,56,7,3,2,14
"(200, 0.5)",0.0,0.5170068027210885,0.07142857142857142,0.6661807580174928,0.9795918367346939,0.9122448979591837,6,1.0474633999997423,A,forest,57,7,3,2,14
"(200, 0.8)",0.0,0.6025267249757046,0.0,0.6705539358600582,0.9795918367346939,0.9469387755102041,4,1.0670882000003985,A,forest,58,7,3,2,14
"(200, 0.5)",0.0,0.4392614188532556,0.07142857142857142,0.6341107871720117,1.0,0.9734693877551021,6,1.0963408000002346,A,forest,59,7,3,2,14
"(200, 0.5)",0.0,0.5208940719144801,0.0,0.6676384839650147,0.9795918367346939,0.9387755102040817,4,1.0684671000003618,A,forest,60,7,3,2,14
"(200, 0.8)",0.0,0.5821185617103983,0.07142857142857142,0.685131195335277,0.9795918367346939,0.9591836734693877,1,1.0320763999998235,A,forest,61,7,3,2,14
"(200, 0.5)",0.0,0.5102040816326531,0.07142857142857142,0.6457725947521865,0.9795918367346939,0.9591836734693877,4,1.0661360999997669,A,forest,62,7,3,2,14
"(200, 0.5)",0.047619047619047616,0.5636540330417882,0.07142857142857142,0.6457725947521867,1.0,0.9591836734693877,2,1.0818343999999342,A,forest,63,7,3,2,14
"(200, 0.5)",0.0,0.46355685131195346,0.0,0.6151603498542274,0.9795918367346939,0.9469387755102041,6,1.0675160000000687,A,forest,64,7,3,2,14
"(200, 0.5)",0.0,0.5082604470359573,0.0,0.6180758017492712,0.9795918367346939,0.9530612244897959,6,1.0394846000003781,A,forest,65,7,3,2,14
"(200, 0.5)",0.0,0.5801749271137027,0.07142857142857142,0.6399416909620992,0.9795918367346939,0.8367346938775511,6,1.082296900000074,A,forest,66,7,3,2,14
"(200, 0.5)",0.0,0.4839650145772595,0.07142857142857142,0.6384839650145773,0.9795918367346939,0.9387755102040817,6,1.0900016999999025,A,forest,67,7,3,2,14
"(200, 0.5)",0.047619047619047616,0.6919339164237124,0.0,0.6865889212827988,0.9591836734693877,0.9326530612244899,2,1.0448630000000776,A,forest,68,7,3,2,14
"(200, 0.8)",0.0,0.532555879494655,0.0,0.661807580174927,0.9795918367346939,0.9122448979591837,5,1.0524370000002818,A,forest,69,7,3,2,14
"(200, 0.5)",0.0,0.49757045675413025,0.07142857142857142,0.641399416909621,0.9795918367346939,0.9387755102040817,5,1.1267382999999427,A,forest,70,7,3,2,14
"(200, 0.5)",0.09523809523809523,0.5694849368318755,0.07142857142857142,0.6501457725947521,0.9795918367346939,0.9591836734693877,2,1.0719005999999354,A,forest,71,7,3,2,14
"(200, 0.5)",0.047619047619047616,0.5393586005830903,0.07142857142857142,0.6282798833819242,0.9795918367346939,0.8918367346938776,2,1.0507321000000047,A,forest,72,7,3,2,14
"(100, 0.5)",0.0,0.5344995140913508,0.0,0.6690962099125363,0.9795918367346939,0.9387755102040817,1,1.0620026999999936,A,forest,73,7,3,2,14
"(200, 0.5)",0.0,0.5500485908649173,0.0,0.651603498542274,0.9795918367346939,0.9122448979591837,6,1.1049163000002409,A,forest,74,7,3,2,14
"(200, 0.5)",0.047619047619047616,0.5267249757045674,0.07142857142857142,0.6486880466472303,1.0,0.9204081632653062,5,1.0838627000002816,A,forest,75,7,3,2,14
"(200, 0.5)",0.0,0.5092322643343051,0.0,0.641399416909621,0.9795918367346939,0.9204081632653062,5,1.0608749000002717,A,forest,76,7,3,2,14
"(200, 0.5)",0.0,0.5121477162293488,0.0,0.6166180758017493,0.9387755102040817,0.8571428571428571,6,1.0872519999998076,A,forest,77,7,3,2,14
"(200, 0.5)",0.0,0.5607385811467444,0.07142857142857142,0.6618075801749271,0.9795918367346939,0.9591836734693877,6,1.0863296000002265,A,forest,78,7,3,2,14
"(200, 0.8)",0.0,0.6044703595724004,0.0,0.6705539358600584,0.9591836734693877,0.9265306122448981,5,1.082118100000116,A,forest,79,7,3,2,14
"(200, 0.5)",0.0,0.4625850340136055,0.07142857142857142,0.6268221574344023,0.9795918367346939,0.9591836734693877,6,1.0499525000000176,A,forest,80,7,3,2,14
"(200, 0.5)",0.0,0.41593780369290567,0.0,0.6122448979591838,0.9795918367346939,0.9142857142857144,6,1.0550696000000244,A,forest,81,7,3,2,14
"(200, 0.5)",0.0,0.45869776482021374,0.07142857142857142,0.6137026239067056,1.0,0.9183673469387755,6,1.0634138000000348,A,forest,82,7,3,2,14
"(200, 0.5)",0.0,0.5792031098153547,0.0,0.6486880466472303,0.9591836734693877,0.9346938775510204,6,1.0227890000001025,A,forest,83,7,3,2,14
"(200, 0.5)",0.0,0.5490767735665695,0.07142857142857142,0.6443148688046646,0.9795918367346939,0.9530612244897959,5,1.0268902999996499,A,forest,84,7,3,2,14
"(200, 0.5)",0.0,0.6443148688046647,0.0,0.6793002915451894,0.9795918367346939,0.9591836734693877,3,1.026733400000012,A,forest,85,7,3,2,14
"(200, 0.5)",0.0,0.576287657920311,0.07142857142857142,0.6690962099125363,1.0,0.9326530612244899,4,1.0721149999999398,A,forest,86,7,3,2,14
"(200, 0.5)",0.0,0.5247813411078717,0.0,0.6034985422740524,0.9591836734693877,0.9,6,1.0350666999997884,A,forest,87,7,3,2,14
"(100, 0.8)",0.047619047619047616,0.6384839650145773,0.0,0.6822157434402333,0.9795918367346939,0.9591836734693877,2,1.0296355000000403,A,forest,88,7,3,2,14
"(200, 0.5)",0.0,0.5782312925170068,0.0,0.6341107871720117,0.9795918367346939,0.8571428571428571,6,1.1107011000003695,A,forest,89,7,3,2,14
"(200, 0.5)",0.0,0.36637512147716234,0.07142857142857142,0.5991253644314869,0.9795918367346939,0.8918367346938776,6,1.0574725000001308,A,forest,90,7,3,2,14
"(200, 0.5)",0.0,0.499514091350826,0.07142857142857142,0.6472303206997084,0.9795918367346939,0.9326530612244899,6,1.0840330000000904,A,forest,91,7,3,2,14
"(200, 0.5)",0.0,0.4742468415937802,0.0,0.6311953352769679,0.9795918367346939,0.9061224489795919,6,1.0581739999997808,A,forest,92,7,3,2,14
"(200, 0.5)",0.0,0.3858114674441206,0.07142857142857142,0.6064139941690962,0.9795918367346939,0.9183673469387755,6,1.0844934000001558,A,forest,93,7,3,2,14
"(200, 0.5)",0.0,0.5374149659863945,0.0,0.6603498542274052,0.9795918367346939,0.8775510204081632,6,1.0176159000002372,A,forest,94,7,3,2,14
"(200, 0.5)",0.0,0.46744412050534506,0.07142857142857142,0.6180758017492712,0.9795918367346939,0.9,6,1.0254789999999048,A,forest,95,7,3,2,14
"(200, 0.5)",0.09523809523809523,0.6783284742468416,0.07142857142857142,0.7011661807580174,1.0,0.9795918367346939,5,1.045702099999744,A,forest,96,7,3,2,14
"(200, 0.5)",0.0,0.44800777453838675,0.07142857142857142,0.6195335276967929,1.0,0.9326530612244899,6,1.0581318999998075,A,forest,97,7,3,2,14
"(200, 0.5)",0.047619047619047616,0.5792031098153547,0.07142857142857142,0.641399416909621,0.9795918367346939,0.9591836734693877,2,1.0347395000003416,A,forest,98,7,3,2,14
"(200, 0.5)",0.0,0.5228377065111759,0.0,0.6268221574344024,0.9795918367346939,0.9469387755102041,6,1.024447599999803,A,forest,99,7,3,2,14
"(200, 0.5)",0.0,0.39067055393586003,0.07142857142857142,0.6224489795918368,0.9795918367346939,0.9387755102040817,6,1.039361000000099,A,forest,100,7,3,2,14
"(200, 0.5)",0.0,0.434402332361516,0.0,0.6078717201166179,0.9591836734693877,0.9061224489795919,4,1.092964800000118,A,forest,101,7,3,2,14
"(200, 0.5)",0.0,0.5325558794946549,0.0,0.642857142857143,0.9795918367346939,0.9530612244897959,6,1.0475523999998586,A,forest,102,7,3,2,14
"(200, 0.5)",0.0,0.6715257531584062,0.0,0.706997084548105,0.9795918367346939,0.9530612244897959,1,1.041750299999876,A,forest,103,7,3,2,14
"(200, 0.5)",0.0,0.6190476190476191,0.0,0.6341107871720117,0.9387755102040817,0.8979591836734694,6,1.0587354999997842,A,forest,104,7,3,2,14
"(200, 0.5)",0.0,0.38483965014577254,0.0,0.6209912536443151,0.9795918367346939,0.9183673469387755,6,1.0530125999998745,A,forest,105,7,3,2,14
"(200, 0.5)",0.0,0.4849368318756073,0.0,0.607871720116618,0.9795918367346939,0.9551020408163265,6,1.0320732000000135,A,forest,106,7,3,2,14
"(200, 0.5)",0.0,0.46744412050534506,0.0,0.6209912536443147,0.9795918367346939,0.9387755102040817,6,1.0670916999997644,A,forest,107,7,3,2,14
"(200, 0.5)",0.0,0.3819241982507289,0.07142857142857142,0.6122448979591836,1.0,0.9326530612244899,6,1.0528866999998172,A,forest,108,7,3,2,14
"(100, 0.5)",0.0,0.5850340136054422,0.07142857142857142,0.6632653061224489,0.9795918367346939,0.9489795918367347,1,1.0650406999998268,A,forest,109,7,3,2,14
"(200, 0.5)",0.0,0.6608357628765792,0.0,0.6793002915451893,0.9387755102040817,0.9387755102040817,5,1.0427009999998518,A,forest,110,7,3,2,14
"(200, 0.5)",0.0,0.5364431486880464,0.07142857142857142,0.6457725947521865,0.9795918367346939,0.9183673469387755,6,1.1003304999999273,A,forest,111,7,3,2,14
"(200, 0.5)",0.0,0.5179786200194363,0.07142857142857142,0.6370262390670555,0.9795918367346939,0.942857142857143,6,1.065428299999894,A,forest,112,7,3,2,14
"(200, 0.8)",0.047619047619047616,0.6686103012633624,0.07142857142857142,0.6967930029154518,1.0,0.9591836734693877,3,1.0671437999999398,A,forest,113,7,3,2,14
"(100, 0.5)",0.0,0.5675413022351798,0.14285714285714285,0.6851311953352769,0.9795918367346939,0.9673469387755103,1,1.0501120000003539,A,forest,114,7,3,2,14
"(200, 0.5)",0.0,0.6326530612244898,0.0,0.6793002915451894,0.9795918367346939,0.9387755102040817,2,1.063681500000257,A,forest,115,7,3,2,14
"(200, 0.5)",0.0,0.39650145772594747,0.0,0.6239067055393586,0.9795918367346939,0.9,6,1.06117359999962,A,forest,116,7,3,2,14
"(200, 0.5)",0.0,0.4742468415937804,0.0,0.6239067055393586,0.9795918367346939,0.9122448979591837,6,1.0512547999996968,A,forest,117,7,3,2,14
"(200, 0.5)",0.0,0.43245869776482015,0.07142857142857142,0.6151603498542274,1.0,0.9183673469387755,6,1.0230470999999852,A,forest,118,7,3,2,14
"(100, 0.8)",0.0,0.5344995140913508,0.07142857142857142,0.6720116618075803,1.0,0.9795918367346939,1,1.0669505000000754,A,forest,119,7,3,2,14
"(200, 0.5)",0.0,0.3760932944606414,0.07142857142857142,0.6107871720116618,0.9795918367346939,0.9183673469387755,6,1.084107099999983,A,forest,120,7,3,2,14
"(200, 0.5)",0.0,0.5082604470359573,0.07142857142857142,0.6486880466472302,1.0,0.9469387755102041,5,1.0471499000000222,A,forest,121,7,3,2,14
"(100, 1.0)",0.047619047619047616,0.6588921282798833,0.07142857142857142,0.7099125364431487,1.0,0.9591836734693877,1,1.0257830000000467,A,forest,122,7,3,2,14
"(200, 0.5)",0.14285714285714285,0.532555879494655,0.07142857142857142,0.651603498542274,1.0,0.9469387755102041,2,1.075282000000243,A,forest,123,7,3,2,14
"(100, 0.5)",0.0,0.5694849368318755,0.07142857142857142,0.6588921282798832,1.0,0.9591836734693877,1,1.043659999999818,A,forest,124,7,3,2,14
"(200, 0.5)",0.0,0.5558794946550047,0.0,0.6472303206997084,0.9591836734693877,0.8510204081632653,2,1.0577252000002773,A,forest,125,7,3,2,14
"(200, 0.5)",0.0,0.4246841593780369,0.07142857142857142,0.6137026239067056,0.9795918367346939,0.9469387755102041,6,1.0684870999998566,A,forest,126,7,3,2,14
"(100, 0.5)",0.047619047619047616,0.5383867832847423,0.14285714285714285,0.6253644314868805,1.0,0.9734693877551021,1,1.0514514000001327,A,forest,127,7,3,2,14
"(200, 0.5)",0.0,0.4557823129251701,0.07142857142857142,0.6253644314868804,1.0,0.9387755102040817,2,1.0481597000002694,A,forest,128,7,3,2,14
"(200, 0.5)",0.0,0.6647230320699707,0.0,0.6938775510204079,0.9795918367346939,0.9530612244897959,6,1.0562174000001505,A,forest,129,7,3,2,14
"(200, 0.5)",0.0,0.5918367346938774,0.07142857142857142,0.6603498542274052,0.9795918367346939,0.9326530612244899,6,1.0391300000001138,A,forest,130,7,3,2,14
"(200, 0.5)",0.0,0.3663751214771623,0.0,0.6005830903790088,0.9591836734693877,0.8979591836734694,6,1.0385358999997152,A,forest,131,7,3,2,14
"(200, 0.8)",0.047619047619047616,0.4752186588921282,0.07142857142857142,0.6559766763848397,1.0,0.9734693877551021,3,1.045306299999993,A,forest,132,7,3,2,14
"(200, 0.5)",0.0,0.5937803692905732,0.0,0.6486880466472302,0.9591836734693877,0.8979591836734694,6,1.0526785000001837,A,forest,133,7,3,2,14
"(200, 0.5)",0.0,0.4412050534499514,0.0,0.5932944606413993,0.9795918367346939,0.8775510204081632,6,1.0542237999998179,A,forest,134,7,3,2,14
"(200, 0.5)",0.047619047619047616,0.54421768707483,0.07142857142857142,0.6355685131195336,1.0,0.9204081632653062,2,1.0537435999999616,A,forest,135,7,3,2,14
"(200, 0.5)",0.0,0.5442176870748299,0.0,0.650145772594752,0.9387755102040817,0.9183673469387755,6,1.0559463999998115,A,forest,136,7,3,2,14
"(200, 0.5)",0.0,0.6588921282798834,0.0,0.705539358600583,0.9795918367346939,0.9734693877551021,2,1.0513278999997056,A,forest,137,7,3,2,14
"(200, 0.5)",0.0,0.5267249757045677,0.07142857142857142,0.6268221574344023,0.9795918367346939,0.8938775510204082,5,1.0617119000003186,A,forest,138,7,3,2,14
"(200, 0.5)",0.0,0.5471331389698736,0.07142857142857142,0.6676384839650147,1.0,0.9469387755102041,6,1.014198899999883,A,forest,139,7,3,2,14
"(200, 0.8)",0.09523809523809523,0.5636540330417882,0.07142857142857142,0.6778425655976675,1.0,0.9795918367346939,4,1.0295304000001124,A,forest,140,7,3,2,14
"(200, 0.5)",0.0,0.599611273080661,0.0,0.6559766763848396,0.9591836734693877,0.8571428571428571,6,1.0464430000001812,A,forest,141,7,3,2,14
"(200, 0.5)",0.0,0.49271137026239065,0.07142857142857142,0.6413994169096211,0.9795918367346939,0.9591836734693877,6,1.0346700000000055,A,forest,142,7,3,2,14
"(200, 0.5)",0.09523809523809523,0.6715257531584061,0.07142857142857142,0.6938775510204082,1.0,0.9591836734693877,6,1.0597469999997884,A,forest,143,7,3,2,14
"(200, 0.5)",0.0,0.6141885325558795,0.0,0.685131195335277,0.9795918367346939,0.9183673469387755,5,1.0164933000000929,A,forest,144,7,3,2,14
"(200, 0.5)",0.0,0.500485908649174,0.0,0.6239067055393587,0.9795918367346939,0.8979591836734694,6,1.0461418999998386,A,forest,145,7,3,2,14
"(200, 0.5)",0.0,0.43245869776482015,0.0,0.6064139941690961,0.9795918367346939,0.9061224489795919,6,1.0713117000000238,A,forest,146,7,3,2,14
"(200, 0.5)",0.0,0.6132167152575315,0.07142857142857142,0.6865889212827987,0.9795918367346939,0.9530612244897959,4,1.0776992999999493,A,forest,147,7,3,2,14
"(200, 0.5)",0.0,0.6287657920310981,0.0,0.6720116618075801,0.9183673469387755,0.9122448979591837,6,1.0540522000001147,A,forest,148,7,3,2,14
"(200, 0.5)",0.09523809523809523,0.6229348882410106,0.14285714285714285,0.6559766763848397,1.0,0.9734693877551021,5,1.081102600000122,A,forest,149,7,3,2,14
"(200, 0.5)",0.0,0.5403304178814382,0.07142857142857142,0.6457725947521865,0.9795918367346939,0.9183673469387755,6,1.0263230999998996,A,forest,150,7,3,2,14
"(200, 0.5)",0.0,0.6511175898931002,0.0,0.6588921282798834,0.9591836734693877,0.8510204081632653,6,1.0203316000001905,A,forest,151,7,3,2,14
"(200, 0.5)",0.0,0.4752186588921282,0.07142857142857142,0.6443148688046648,0.9795918367346939,0.9530612244897959,6,1.0318554999998923,A,forest,152,7,3,2,14
"(200, 0.8)",0.0,0.489795918367347,0.0,0.6239067055393586,0.9795918367346939,0.9367346938775512,5,1.0347216000000117,A,forest,153,7,3,2,14
"(200, 0.5)",0.0,0.6122448979591836,0.07142857142857142,0.6982507288629739,1.0,0.9734693877551021,5,1.0328091999999742,A,forest,154,7,3,2,14
"(100, 0.8)",0.047619047619047616,0.543245869776482,0.14285714285714285,0.6749271137026241,1.0,0.9877551020408164,1,1.0740845999998783,A,forest,155,7,3,2,14
"(200, 0.5)",0.0,0.5170068027210885,0.0,0.6661807580174927,0.9795918367346939,0.9469387755102041,6,1.0356300999997075,A,forest,156,7,3,2,14
"(200, 0.5)",0.0,0.5743440233236152,0.0,0.6559766763848396,0.9591836734693877,0.9326530612244899,1,1.0635897000001933,A,forest,157,7,3,2,14
"(200, 0.5)",0.0,0.39067055393586003,0.07142857142857142,0.607871720116618,0.9795918367346939,0.9183673469387755,6,1.0903253999999833,A,forest,158,7,3,2,14
"(200, 0.5)",0.0,0.598639455782313,0.0,0.6545189504373178,0.9591836734693877,0.8918367346938776,6,1.0811710999996649,A,forest,159,7,3,2,14
"(200, 0.5)",0.0,0.48979591836734687,0.0,0.6399416909620992,0.9795918367346939,0.9265306122448981,5,1.0951555000001463,A,forest,160,7,3,2,14
"(200, 0.5)",0.0,0.5160349854227405,0.07142857142857142,0.6384839650145773,1.0,0.9591836734693877,5,1.0680289000001721,A,forest,161,7,3,2,14
"(200, 0.5)",0.0,0.5694849368318756,0.0,0.6326530612244897,0.9795918367346939,0.8857142857142858,6,1.0645439999998416,A,forest,162,7,3,2,14
"(200, 0.5)",0.0,0.543245869776482,0.07142857142857142,0.6370262390670554,0.9795918367346939,0.9183673469387755,6,1.1179754999998295,A,forest,163,7,3,2,14
"(200, 0.5)",0.0,0.4091350826044703,0.0,0.6137026239067056,0.9591836734693877,0.8367346938775511,6,1.0948541000002479,A,forest,164,7,3,2,14
"(200, 1.0)",0.047619047619047616,0.6676384839650146,0.07142857142857142,0.6953352769679301,0.9795918367346939,0.9734693877551021,1,1.0446759999999813,A,forest,165,7,3,2,14
"(200, 0.5)",0.0,0.5519922254616132,0.07142857142857142,0.661807580174927,0.9795918367346939,0.9326530612244899,5,1.0623178999999254,A,forest,166,7,3,2,14
"(200, 0.5)",0.0,0.5208940719144801,0.07142857142857142,0.6384839650145773,1.0,0.9530612244897959,6,1.066882500000247,A,forest,167,7,3,2,14
"(200, 0.5)",0.0,0.5889212827988337,0.0,0.6516034985422742,0.9795918367346939,0.8918367346938776,6,1.0587248000001637,A,forest,168,7,3,2,14
"(100, 1.0)",0.0,0.5247813411078717,0.07142857142857142,0.685131195335277,1.0,0.9591836734693877,1,1.027465299999676,A,forest,169,7,3,2,14
"(200, 0.5)",0.0,0.577259475218659,0.0,0.6574344023323616,0.9795918367346939,0.9387755102040817,3,1.0562095999998746,A,forest,170,7,3,2,14
"(200, 0.5)",0.047619047619047616,0.6520894071914479,0.07142857142857142,0.6807580174927114,1.0,0.9387755102040817,3,1.0572234000001117,A,forest,171,7,3,2,14
"(200, 0.5)",0.0,0.5296404275996114,0.0,0.642857142857143,0.9591836734693877,0.9183673469387755,4,1.101205200000095,A,forest,172,7,3,2,14
"(200, 0.8)",0.0,0.5170068027210886,0.07142857142857142,0.6574344023323614,0.9795918367346939,0.9469387755102041,4,1.0589061999999103,A,forest,173,7,3,2,14
"(200, 0.5)",0.0,0.629737609329446,0.0,0.6501457725947521,0.9795918367346939,0.9551020408163265,2,1.0514391000001524,A,forest,174,7,3,2,14
"(200, 0.5)",0.0,0.5539358600583091,0.0,0.6370262390670554,0.9387755102040817,0.9183673469387755,6,1.0392735000000357,A,forest,175,7,3,2,14
"(200, 0.8)",0.0,0.6073858114674442,0.0,0.6530612244897959,0.9795918367346939,0.9285714285714286,4,1.057966100000158,A,forest,176,7,3,2,14
"(200, 0.5)",0.0,0.41010689990281823,0.07142857142857142,0.6122448979591837,1.0,0.9265306122448981,6,1.0582256000002417,A,forest,177,7,3,2,14
"(200, 0.5)",0.0,0.5461613216715256,0.07142857142857142,0.6632653061224489,0.9795918367346939,0.9387755102040817,6,1.0418447000001834,A,forest,178,7,3,2,14
"(200, 0.5)",0.0,0.5354713313896987,0.07142857142857142,0.6588921282798834,0.9795918367346939,0.9387755102040817,6,1.0585165999996207,A,forest,179,7,3,2,14
"(100, 1.0)",0.047619047619047616,0.6569484936831875,0.07142857142857142,0.6924198250728862,1.0,0.9265306122448981,1,1.0623018999999658,A,forest,180,7,3,2,14
"(200, 0.5)",0.0,0.5743440233236152,0.07142857142857142,0.6763848396501457,0.9795918367346939,0.9734693877551021,6,1.0213874000000942,A,forest,181,7,3,2,14
"(200, 0.5)",0.0,0.4207968901846454,0.07142857142857142,0.631195335276968,1.0,0.9530612244897959,6,1.045697200000177,A,forest,182,7,3,2,14
"(200, 0.5)",0.0,0.5257531584062197,0.07142857142857142,0.664723032069971,0.9795918367346939,0.9183673469387755,6,1.0451278000000457,A,forest,183,7,3,2,14
"(200, 0.5)",0.047619047619047616,0.5636540330417882,0.0,0.6545189504373177,0.9795918367346939,0.9183673469387755,3,1.0379972999999154,A,forest,184,7,3,2,14
"(200, 0.5)",0.0,0.6287657920310982,0.0,0.6428571428571429,0.9591836734693877,0.8857142857142858,6,1.0259658999998464,A,forest,185,7,3,2,14
"(200, 0.5)",0.047619047619047616,0.44606413994169086,0.07142857142857142,0.6326530612244898,1.0,0.9591836734693877,4,1.079364700000042,A,forest,186,7,3,2,14
"(200, 0.5)",0.047619047619047616,0.5403304178814383,0.07142857142857142,0.6486880466472302,0.9795918367346939,0.9530612244897959,2,1.0537395000001197,A,forest,187,7,3,2,14
"(200, 0.5)",0.0,0.39844509232264336,0.07142857142857142,0.6224489795918366,1.0,0.9673469387755103,6,1.049263300000348,A,forest,188,7,3,2,14
"(200, 0.5)",0.0,0.631681243926142,0.0,0.6530612244897959,0.9795918367346939,0.8714285714285714,6,1.040321700000277,A,forest,189,7,3,2,14
"(200, 0.5)",0.0,0.4859086491739554,0.0,0.6137026239067056,0.9591836734693877,0.9142857142857144,6,1.0765329000000747,A,forest,190,7,3,2,14
"(200, 0.5)",0.0,0.5617103984450923,0.07142857142857142,0.6705539358600584,0.9795918367346939,0.9265306122448981,1,1.0627592999999251,A,forest,191,7,3,2,14
"(200, 0.5)",0.0,0.6180758017492712,0.0,0.6618075801749271,0.9795918367346939,0.9265306122448981,6,1.0809856000000764,A,forest,192,7,3,2,14
"(200, 0.5)",0.0,0.4907677356656949,0.0,0.6355685131195336,0.9387755102040817,0.8714285714285714,4,1.038817999999992,A,forest,193,7,3,2,14
"(200, 0.8)",0.0,0.5850340136054422,0.07142857142857142,0.6734693877551022,1.0,0.9734693877551021,4,1.0475581000000602,A,forest,194,7,3,2,14
"(200, 1.0)",0.047619047619047616,0.4761904761904763,0.14285714285714285,0.6618075801749271,1.0,0.9795918367346939,3,1.1061177999999927,A,forest,195,7,3,2,14
"(200, 0.5)",0.0,0.45189504373177836,0.0,0.6282798833819242,0.9795918367346939,0.9530612244897959,6,1.0755169999997634,A,forest,196,7,3,2,14
"(200, 0.5)",0.0,0.5140913508260445,0.07142857142857142,0.6268221574344024,0.9795918367346939,0.9346938775510204,6,1.0455587000001287,A,forest,197,7,3,2,14
"(200, 0.5)",0.0,0.4655004859086492,0.07142857142857142,0.6107871720116619,1.0,0.9591836734693877,6,1.0640919000002214,A,forest,198,7,3,2,14
"(200, 0.5)",0.0,0.620019436345967,0.07142857142857142,0.6588921282798834,0.9795918367346939,0.9469387755102041,6,1.0706782000002022,A,forest,199,7,3,2,14
"(200, 0.5)",0.0,0.5500485908649174,0.0,0.5670553935860058,0.8163265306122449,0.763265306122449,6,1.083220099999835,B,forest,0,7,3,2,14
"(200, 0.5)",0.0,0.4936831875607385,0.07142857142857142,0.5918367346938774,1.0,0.9469387755102041,6,1.057009200000266,B,forest,1,7,3,2,14
"(200, 0.5)",0.0,0.5393586005830904,0.0,0.5947521865889213,0.9591836734693877,0.8938775510204082,4,1.0643018999999185,B,forest,2,7,3,2,14
"(200, 0.5)",0.0,0.5189504373177842,0.0,0.4387755102040816,0.7551020408163265,0.7428571428571429,5,1.0914303999998083,B,forest,3,7,3,2,14
"(200, 0.5)",0.0,0.4625850340136055,0.0,0.45481049562682224,0.9183673469387755,0.7224489795918368,6,1.099142699999902,B,forest,4,7,3,2,14
"(200, 0.5)",0.0,0.5500485908649174,0.0,0.6253644314868804,0.8775510204081632,0.8571428571428571,6,1.0666403999998693,B,forest,5,7,3,2,14
"(200, 0.5)",0.047619047619047616,0.5860058309037901,0.0,0.6647230320699709,0.9795918367346939,0.9530612244897959,5,1.1019110000002001,B,forest,6,7,3,2,14
"(100, 0.5)",0.047619047619047616,0.5792031098153548,0.0,0.48542274052478124,0.9591836734693877,0.8755102040816328,1,1.0746475999999348,B,forest,7,7,3,2,14
"(200, 1.0)",0.0,0.5840621963070942,0.07142857142857142,0.6107871720116618,1.0,0.9408163265306123,3,1.0685809999999947,B,forest,8,7,3,2,14
"(200, 0.5)",0.0,0.6258503401360545,0.0,0.5612244897959183,0.8367346938775511,0.8163265306122449,6,1.0882563000000118,B,forest,9,7,3,2,14
"(200, 0.8)",0.0,0.531584062196307,0.0,0.5816326530612245,0.9387755102040817,0.8367346938775511,4,1.0540125000002263,B,forest,10,7,3,2,14
"(200, 0.8)",0.0,0.5354713313896987,0.07142857142857142,0.46938775510204095,1.0,0.7938775510204084,5,1.0562935000002653,B,forest,11,7,3,2,14
"(200, 0.5)",0.0,0.5607385811467445,0.0,0.521865889212828,0.9183673469387755,0.7693877551020408,6,1.0417639000002055,B,forest,12,7,3,2,14
"(200, 0.5)",0.0,0.5403304178814383,0.0,0.597667638483965,0.9183673469387755,0.8714285714285714,6,1.0394512000002578,B,forest,13,7,3,2,14
"(100, 0.5)",0.0,0.6686103012633625,0.0,0.6341107871720116,0.9591836734693877,0.8163265306122449,1,1.0495387999999366,B,forest,14,7,3,2,14
"(200, 0.5)",0.0,0.5461613216715258,0.07142857142857142,0.577259475218659,1.0,0.9142857142857144,6,1.0882184999995843,B,forest,15,7,3,2,14
"(200, 0.8)",0.047619047619047616,0.5850340136054422,0.0,0.521865889212828,0.9591836734693877,0.8775510204081636,5,1.038786799999798,B,forest,16,7,3,2,14
"(100, 1.0)",0.0,0.5276967930029154,0.0,0.6064139941690961,0.9591836734693877,0.8571428571428571,1,1.0474301000003834,B,forest,17,7,3,2,14
"(200, 0.8)",0.0,0.6093294460641399,0.0,0.6034985422740524,0.8571428571428571,0.8367346938775511,3,1.0446453999998084,B,forest,18,7,3,2,14
"(200, 0.5)",0.0,0.6326530612244897,0.0,0.6472303206997083,0.9795918367346939,0.9734693877551021,4,1.062831300000198,B,forest,19,7,3,2,14
"(200, 0.5)",0.0,0.45189504373177863,0.07142857142857142,0.6195335276967929,0.9795918367346939,0.9734693877551021,6,1.072812200000044,B,forest,20,7,3,2,14
"(100, 1.0)",0.0,0.5578231292517006,0.0,0.4431486880466472,0.8163265306122449,0.7285714285714286,1,1.0464442000002236,B,forest,21,7,3,2,14
"(200, 0.5)",0.0,0.3469387755102041,0.0,0.3498542274052478,0.7551020408163265,0.626530612244898,6,1.051432599999771,B,forest,22,7,3,2,14
"(200, 0.5)",0.0,0.6073858114674441,0.07142857142857142,0.6618075801749271,1.0,0.9530612244897959,2,1.038620499999979,B,forest,23,7,3,2,14
"(100, 1.0)",0.0,0.5393586005830903,0.0,0.5160349854227405,0.9591836734693877,0.9408163265306123,1,1.033897999999681,B,forest,24,7,3,2,14
"(200, 0.5)",0.0,0.6355685131195334,0.0,0.6486880466472302,0.8979591836734694,0.8918367346938776,5,1.0421010000000024,B,forest,25,7,3,2,14
"(200, 0.5)",0.047619047619047616,0.5646258503401361,0.0,0.6647230320699709,0.8979591836734694,0.8775510204081632,5,1.05265559999998,B,forest,26,7,3,2,14
"(200, 0.5)",0.0,0.5976676384839651,0.0,0.5160349854227404,0.9795918367346939,0.8836734693877553,3,1.0848910999998225,B,forest,27,7,3,2,14
"(200, 0.5)",0.0,0.6822157434402334,0.07142857142857142,0.6355685131195334,1.0,0.9183673469387755,4,1.0235834000000068,B,forest,28,7,3,2,14
"(100, 1.0)",0.0,0.5218658892128281,0.0,0.5102040816326531,0.9795918367346939,0.7551020408163265,1,1.0618979999999283,B,forest,29,7,3,2,14
"(200, 0.5)",0.047619047619047616,0.555879494655005,0.0,0.3469387755102041,0.7755102040816326,0.616326530612245,4,1.0450087999997777,B,forest,30,7,3,2,14
"(200, 0.5)",0.0,0.5500485908649173,0.14285714285714285,0.6355685131195336,1.0,0.9673469387755103,6,1.051271700000143,B,forest,31,7,3,2,14
"(200, 0.8)",0.0,0.6695821185617105,0.0,0.5626822157434402,0.9591836734693877,0.9591836734693877,2,1.030808900000011,B,forest,32,7,3,2,14
"(100, 0.5)",0.047619047619047616,0.4946550048590864,0.07142857142857142,0.4489795918367347,1.0,0.8877551020408166,3,1.0328515000001062,B,forest,33,7,3,2,14
"(200, 0.8)",0.047619047619047616,0.5840621963070942,0.0,0.5466472303206997,0.9795918367346939,0.8795918367346941,5,1.0324497999999949,B,forest,34,7,3,2,14
"(200, 0.5)",0.0,0.5811467444120504,0.0,0.5714285714285714,0.8571428571428571,0.8163265306122449,6,1.050259399999959,B,forest,35,7,3,2,14
"(200, 0.8)",0.047619047619047616,0.49854227405247814,0.07142857142857142,0.6749271137026238,1.0,0.9530612244897959,4,1.0894313999997394,B,forest,36,7,3,2,14
"(200, 0.5)",0.0,0.5811467444120504,0.07142857142857142,0.6895043731778425,0.9795918367346939,0.9530612244897959,6,1.1616844000000128,B,forest,37,7,3,2,14
"(200, 0.5)",0.0,0.5762876579203109,0.07142857142857142,0.4897959183673469,0.9795918367346939,0.7183673469387756,6,1.0769496000002619,B,forest,38,7,3,2,14
"(200, 0.5)",0.0,0.5772594752186587,0.0,0.35714285714285715,0.7755102040816326,0.6448979591836737,6,1.038890100000117,B,forest,39,7,3,2,14
"(200, 0.5)",0.0,0.446064139941691,0.0,0.39067055393586003,0.8367346938775511,0.7326530612244899,6,1.046718399999918,B,forest,40,7,3,2,14
"(200, 0.5)",0.0,0.5753158406219631,0.0,0.5262390670553935,0.7755102040816326,0.7510204081632653,6,1.0506442000000789,B,forest,41,7,3,2,14
"(200, 0.5)",0.047619047619047616,0.42662779397473266,0.07142857142857142,0.6166180758017491,1.0,0.9591836734693877,3,1.1315901000002668,B,forest,42,7,3,2,14
"(200, 0.5)",0.0,0.5471331389698737,0.14285714285714285,0.6311953352769679,1.0,0.9877551020408164,5,1.042105100000299,B,forest,43,7,3,2,14
"(200, 0.5)",0.047619047619047616,0.5529640427599611,0.14285714285714285,0.607871720116618,1.0,0.9877551020408164,2,1.2374959999997373,B,forest,44,7,3,2,14
"(200, 0.8)",0.0,0.4334305150631682,0.0,0.4927113702623907,0.9591836734693877,0.8224489795918369,4,1.1619390000000749,B,forest,45,7,3,2,14
"(200, 0.5)",0.0,0.6054421768707482,0.0,0.607871720116618,0.8367346938775511,0.8306122448979593,5,1.08919109999988,B,forest,46,7,3,2,14
"(100, 1.0)",0.0,0.5918367346938775,0.0,0.5029154518950437,0.7959183673469388,0.7959183673469388,1,1.1760643999996319,B,forest,47,7,3,2,14
"(200, 0.5)",0.09523809523809523,0.6715257531584062,0.0,0.5262390670553936,0.9387755102040817,0.9326530612244899,2,1.062190499999815,B,forest,48,7,3,2,14
"(200, 0.5)",0.0,0.3508260447035957,0.14285714285714285,0.5553935860058309,1.0,0.9632653061224491,6,1.1163320000000567,B,forest,49,7,3,2,14
"(0.001, 0.1)",0.09523809523809523,0.5296404275996113,0.35714285714285715,0.6326530612244897,1.0,1.0,5,0.037041300000055344,A,svm,0,7,3,2,14
"(0.001, 0.1)",0.14285714285714285,0.5140913508260447,0.42857142857142855,0.6953352769679301,1.0,1.0,1,0.035460000000057335,A,svm,1,7,3,2,14
"(0.001, 0.1)",0.19047619047619047,0.5714285714285714,0.5,0.7274052478134111,1.0,1.0,5,0.03645189999997456,A,svm,2,7,3,2,14
"(0.001, 0.1)",0.19047619047619047,0.5733722060252673,0.5,0.6851311953352771,1.0,1.0,5,0.03578329999982088,A,svm,3,7,3,2,14
"(0.001, 0.1)",0.3333333333333333,0.6219630709426628,0.35714285714285715,0.6895043731778426,1.0,1.0,5,0.035704700000223966,A,svm,4,7,3,2,14
"(0.001, 0.1)",0.23809523809523808,0.5617103984450923,0.42857142857142855,0.6618075801749271,1.0,1.0,5,0.035352400000192574,A,svm,5,7,3,2,14
"(0.001, 0.1)",0.047619047619047616,0.4217687074829931,0.2857142857142857,0.629737609329446,1.0,1.0,5,0.03539279999995415,A,svm,6,7,3,2,14
"(0.001, 0.1)",0.38095238095238093,0.6462585034013605,0.5,0.71865889212828,1.0,1.0,5,0.036278999999922235,A,svm,7,7,3,2,14
"(0.001, 0.1)",0.09523809523809523,0.565597667638484,0.42857142857142855,0.6924198250728864,1.0,1.0,1,0.03585400000019945,A,svm,8,7,3,2,14
"(0.001, 0.1)",0.09523809523809523,0.5043731778425656,0.35714285714285715,0.6370262390670554,1.0,1.0,5,0.040939699999853474,A,svm,9,7,3,2,14
"(0.001, 0.1)",0.14285714285714285,0.49659863945578214,0.5,0.696793002915452,1.0,1.0,5,0.041331999999783875,A,svm,10,7,3,2,14
"(0.001, 0.1)",0.14285714285714285,0.49659863945578225,0.5,0.696793002915452,1.0,1.0,5,0.039032399999996414,A,svm,11,7,3,2,14
"(0.001, 0.1)",0.23809523809523808,0.4645286686103014,0.35714285714285715,0.6384839650145774,1.0,1.0,5,0.03503360000013345,A,svm,12,7,3,2,14
"(0.001, 0.1)",0.23809523809523808,0.543245869776482,0.35714285714285715,0.5962099125364432,1.0,1.0,5,0.036474200000157,A,svm,13,7,3,2,14
"(0.001, 0.1)",0.3333333333333333,0.6209912536443148,0.42857142857142855,0.6632653061224489,1.0,1.0,1,0.03731160000006639,A,svm,14,7,3,2,14
"(0.001, 0.1)",0.19047619047619047,0.554907677356657,0.2857142857142857,0.6122448979591838,1.0,1.0,2,0.034030799999982264,A,svm,15,7,3,2,14
"(0.001, 0.1)",0.2857142857142857,0.6219630709426629,0.35714285714285715,0.6355685131195336,1.0,1.0,1,0.03408529999978782,A,svm,16,7,3,2,14
"(0.001, 0.1)",0.19047619047619047,0.6015549076773566,0.35714285714285715,0.6486880466472302,1.0,1.0,5,0.03478949999998804,A,svm,17,7,3,2,14
"(0.001, 0.1)",0.2857142857142857,0.6316812439261419,0.35714285714285715,0.6720116618075801,1.0,1.0,5,0.034786499999881926,A,svm,18,7,3,2,14
"(0.001, 0.1)",0.19047619047619047,0.4625850340136054,0.2857142857142857,0.6049562682215743,1.0,1.0,5,0.03459759999987,A,svm,19,7,3,2,14
"(0.001, 0.1)",0.14285714285714285,0.577259475218659,0.5,0.7303206997084548,1.0,1.0,1,0.03418659999988449,A,svm,20,7,3,2,14
"(0.001, 0.1)",0.19047619047619047,0.4878522837706511,0.35714285714285715,0.6559766763848396,1.0,1.0,5,0.03451519999998709,A,svm,21,7,3,2,14
"(0.001, 'scale')",0.2857142857142857,0.5743440233236151,0.42857142857142855,0.7623906705539358,1.0,1.0,6,0.034406400000079884,A,svm,22,7,3,2,14
"(0.001, 0.1)",0.09523809523809523,0.4829931972789116,0.5,0.7128279883381925,1.0,1.0,5,0.033847400000013295,A,svm,23,7,3,2,14
"(0.001, 0.1)",0.2857142857142857,0.6219630709426629,0.35714285714285715,0.6355685131195336,1.0,1.0,1,0.034147399999710615,A,svm,24,7,3,2,14
"(0.1, 0.1)",0.19047619047619047,0.5481049562682215,0.35714285714285715,0.6370262390670555,1.0,1.0,1,0.03342380000003686,A,svm,25,7,3,2,14
"(0.001, 0.1)",0.19047619047619047,0.5850340136054422,0.5,0.6851311953352771,1.0,1.0,5,0.034693200000219804,A,svm,26,7,3,2,14
"(0.001, 0.1)",0.09523809523809523,0.5257531584062196,0.35714285714285715,0.6297376093294461,1.0,1.0,5,0.037786700000197015,A,svm,27,7,3,2,14
"(0.1, 0.1)",0.19047619047619047,0.5383867832847424,0.35714285714285715,0.6355685131195336,1.0,1.0,1,0.03436229999988427,A,svm,28,7,3,2,14
"(0.001, 0.1)",0.09523809523809523,0.3896987366375121,0.2857142857142857,0.6253644314868805,1.0,1.0,5,0.036416299999928015,A,svm,29,7,3,2,14
"(0.001, 'scale')",0.09523809523809523,0.42662779397473277,0.5,0.6982507288629739,1.0,1.0,7,0.03373340000007374,A,svm,30,7,3,2,14
"(0.001, 0.1)",0.047619047619047616,0.47133138969873667,0.35714285714285715,0.6034985422740524,1.0,1.0,5,0.03465219999998226,A,svm,31,7,3,2,14
"(0.001, 0.1)",0.23809523809523808,0.607385811467444,0.2857142857142857,0.6443148688046646,1.0,1.0,2,0.03458279999995284,A,svm,32,7,3,2,14
"(0.001, 0.1)",0.09523809523809523,0.5179786200194364,0.35714285714285715,0.6224489795918368,1.0,1.0,5,0.034598799999912444,A,svm,33,7,3,2,14
"(0.001, 0.1)",0.19047619047619047,0.5792031098153547,0.5,0.673469387755102,1.0,1.0,5,0.034318200000143406,A,svm,34,7,3,2,14
"(0.001, 0.1)",0.23809523809523808,0.5617103984450925,0.35714285714285715,0.6763848396501458,1.0,1.0,4,0.03497749999996813,A,svm,35,7,3,2,14
"(0.001, 0.1)",0.2857142857142857,0.6239067055393587,0.42857142857142855,0.6603498542274052,1.0,1.0,5,0.0351874000002681,A,svm,36,7,3,2,14
"(0.001, 'scale')",0.2857142857142857,0.5238095238095238,0.5714285714285714,0.7361516034985423,1.0,1.0,6,0.03523200000017823,A,svm,37,7,3,2,14
"(0.001, 0.1)",0.19047619047619047,0.49271137026239054,0.35714285714285715,0.6209912536443147,1.0,1.0,1,0.03472680000004402,A,svm,38,7,3,2,14
"(0.001, 0.1)",0.09523809523809523,0.4703595724003888,0.35714285714285715,0.6297376093294461,1.0,1.0,5,0.036848100000042905,A,svm,39,7,3,2,14
"(0.001, 0.1)",0.14285714285714285,0.500485908649174,0.42857142857142855,0.6661807580174927,1.0,1.0,5,0.03513529999963794,A,svm,40,7,3,2,14
"(0.001, 0.1)",0.14285714285714285,0.4509232264334305,0.35714285714285715,0.618075801749271,1.0,1.0,5,0.03583070000013322,A,svm,41,7,3,2,14
"(0.001, 0.1)",0.047619047619047616,0.4256559766763849,0.2857142857142857,0.6005830903790088,1.0,1.0,5,0.03639049999992494,A,svm,42,7,3,2,14
"(0.001, 0.1)",0.14285714285714285,0.49562682215743437,0.5,0.706997084548105,1.0,1.0,5,0.03663159999996424,A,svm,43,7,3,2,14
"(0.001, 0.1)",0.14285714285714285,0.5140913508260447,0.42857142857142855,0.6953352769679301,1.0,1.0,1,0.03627200000028097,A,svm,44,7,3,2,14
"(0.001, 0.1)",0.2857142857142857,0.5636540330417882,0.42857142857142855,0.6647230320699709,1.0,1.0,5,0.03713290000041525,A,svm,45,7,3,2,14
"(0.001, 0.1)",0.19047619047619047,0.6015549076773566,0.35714285714285715,0.6486880466472302,1.0,1.0,5,0.036287999999785825,A,svm,46,7,3,2,14
"(0.001, 0.1)",0.3333333333333333,0.6958211856171039,0.5,0.6982507288629739,1.0,1.0,5,0.036292499999944994,A,svm,47,7,3,2,14
"(0.001, 0.1)",0.23809523809523808,0.6248785228377065,0.35714285714285715,0.6370262390670554,1.0,1.0,5,0.036650600000029954,A,svm,48,7,3,2,14
"(0.001, 0.1)",0.14285714285714285,0.576287657920311,0.5,0.6982507288629739,1.0,1.0,5,0.03611769999997705,A,svm,49,7,3,2,14
