dataset,run,window_sec,held_out,feature_group,scheme,n_train_windows,delta,condition_number,threshold,inflation_ratio,fp,n_windows,fp_rate
IMS 1st_test,1st_test,0.25,2003.10.22.12.06.24.txt,RMS + kurtosis (control),empirical,77,0.0,48611.04247009947,2.7824830407823407,0.4372672047355258,1,7,0.14285714285714285
IMS 1st_test,1st_test,0.25,2003.10.22.12.06.24.txt,RMS + kurtosis (control),ledoit_wolf,77,0.0337,58.28707611290867,1.9796858987628672,0.5726026556825156,1,7,0.14285714285714285
IMS 1st_test,1st_test,0.25,2003.10.22.12.06.24.txt,RMS + kurtosis (control),cond_target,77,0.02,98.79880945482617,1.9728612474974894,0.5726317107843167,1,7,0.14285714285714285
IMS 1st_test,1st_test,0.25,2003.10.22.12.06.24.txt,RMS + centroid (problem),empirical,77,0.0,2848107042.0217156,2.802062260145029,0.34023092556626255,0,7,0.0
IMS 1st_test,1st_test,0.25,2003.10.22.12.06.24.txt,RMS + centroid (problem),ledoit_wolf,77,0.0359,54.633374984756436,2.1468168058087707,0.34847115207548923,0,7,0.0
IMS 1st_test,1st_test,0.25,2003.10.22.12.06.24.txt,RMS + centroid (problem),cond_target,77,0.02,98.99999655911817,2.1381526173804484,0.3484711765952095,0,7,0.0
IMS 1st_test,1st_test,0.25,2003.10.22.12.06.24.txt,crest + centroid (counterexample),empirical,77,0.0,24117.307872496698,2.549069659376606,0.6199848426166837,2,7,0.2857142857142857
IMS 1st_test,1st_test,0.25,2003.10.22.12.06.24.txt,crest + centroid (counterexample),ledoit_wolf,77,0.036,54.502421144626425,2.1475281135899045,0.3490769666619897,0,7,0.0
IMS 1st_test,1st_test,0.25,2003.10.22.12.06.24.txt,crest + centroid (counterexample),cond_target,77,0.02,98.59531403170132,2.139441781145355,0.34955836367870896,0,7,0.0
IMS 1st_test,1st_test,0.25,2003.10.22.12.09.13.txt,RMS + kurtosis (control),empirical,77,0.0,52050.42992568321,2.8625199340622136,0.40084876455782437,1,7,0.14285714285714285
IMS 1st_test,1st_test,0.25,2003.10.22.12.09.13.txt,RMS + kurtosis (control),ledoit_wolf,77,0.034,57.83694731524915,2.012525570028401,0.3544937987874168,0,7,0.0
IMS 1st_test,1st_test,0.25,2003.10.22.12.09.13.txt,RMS + kurtosis (control),cond_target,77,0.02,98.81207848266095,2.005724522193721,0.355033218588225,0,7,0.0
IMS 1st_test,1st_test,0.25,2003.10.22.12.09.13.txt,RMS + centroid (problem),empirical,77,0.0,2922174544.9364967,2.772539908850348,0.4773278754805297,0,7,0.0
IMS 1st_test,1st_test,0.25,2003.10.22.12.09.13.txt,RMS + centroid (problem),ledoit_wolf,77,0.0349,56.24212195475406,2.112462063907191,0.2134527767692835,0,7,0.0
IMS 1st_test,1st_test,0.25,2003.10.22.12.09.13.txt,RMS + centroid (problem),cond_target,77,0.02,98.9999966463332,2.1044776044177596,0.21345279763906735,0,7,0.0
IMS 1st_test,1st_test,0.25,2003.10.22.12.09.13.txt,crest + centroid (counterexample),empirical,77,0.0,23629.375621490915,2.7066237450796953,0.6212575166426373,0,7,0.0
IMS 1st_test,1st_test,0.25,2003.10.22.12.09.13.txt,crest + centroid (counterexample),ledoit_wolf,77,0.0349,56.101127890649714,2.113414099380759,0.21934232005899815,0,7,0.0
IMS 1st_test,1st_test,0.25,2003.10.22.12.09.13.txt,crest + centroid (counterexample),cond_target,77,0.02,98.58699237755141,2.106155405420345,0.22370412924952646,0,7,0.0
IMS 1st_test,1st_test,0.25,2003.10.22.12.14.13.txt,RMS + kurtosis (control),empirical,77,0.0,54778.62947443804,2.904904576529688,0.6485237248985907,0,7,0.0
IMS 1st_test,1st_test,0.25,2003.10.22.12.14.13.txt,RMS + kurtosis (control),ledoit_wolf,77,0.0301,65.4077685183227,1.9871474619735934,0.22846420281028026,0,7,0.0
IMS 1st_test,1st_test,0.25,2003.10.22.12.14.13.txt,RMS + kurtosis (control),cond_target,77,0.02,98.82142085775465,1.9822920845359073,0.23003325910541264,0,7,0.0
IMS 1st_test,1st_test,0.25,2003.10.22.12.14.13.txt,RMS + centroid (problem),empirical,77,0.0,2794395019.671803,2.816293222354693,0.6609110707862298,0,7,0.0
IMS 1st_test,1st_test,0.25,2003.10.22.12.14.13.txt,RMS + centroid (problem),ledoit_wolf,77,0.0389,50.4739710522545,2.170365764751502,0.5295803040293446,0,7,0.0
IMS 1st_test,1st_test,0.25,2003.10.22.12.14.13.txt,RMS + centroid (problem),cond_target,77,0.02,98.99999649297986,2.1600073740163714,0.5295803037617391,0,7,0.0
IMS 1st_test,1st_test,0.25,2003.10.22.12.14.13.txt,crest + centroid (counterexample),empirical,77,0.0,19682.46806280389,2.543318586142046,0.5382968687840364,0,7,0.0
IMS 1st_test,1st_test,0.25,2003.10.22.12.14.13.txt,crest + centroid (counterexample),ledoit_wolf,77,0.0389,50.33690963843163,2.171090194522565,0.5297120592589312,0,7,0.0
IMS 1st_test,1st_test,0.25,2003.10.22.12.14.13.txt,crest + centroid (counterexample),cond_target,77,0.02,98.50458681990203,2.1614265379013586,0.5298293962018843,0,7,0.0
IMS 1st_test,1st_test,0.25,2003.10.22.12.19.13.txt,RMS + kurtosis (control),empirical,77,0.0,46829.65043704785,2.7695688992245597,0.32702280535769357,0,7,0.0
IMS 1st_test,1st_test,0.25,2003.10.22.12.19.13.txt,RMS + kurtosis (control),ledoit_wolf,77,0.03,65.52590534374943,1.9906838298564613,0.3498062778515295,0,7,0.0
IMS 1st_test,1st_test,0.25,2003.10.22.12.19.13.txt,RMS + kurtosis (control),cond_target,77,0.02,98.79117234549187,1.9858499568330226,0.3498121517253933,0,7,0.0
IMS 1st_test,1st_test,0.25,2003.10.22.12.19.13.txt,RMS + centroid (problem),empirical,77,0.0,2678970013.4266815,2.70381517122228,0.3625666987597889,0,7,0.0
IMS 1st_test,1st_test,0.25,2003.10.22.12.19.13.txt,RMS + centroid (problem),ledoit_wolf,77,0.0353,55.723930097884725,2.1193756147409673,0.2016569906572656,0,7,0.0
IMS 1st_test,1st_test,0.25,2003.10.22.12.19.13.txt,RMS + centroid (problem),cond_target,77,0.02,98.99999634187779,2.1111935443208303,0.20165699927541283,0,7,0.0
IMS 1st_test,1st_test,0.25,2003.10.22.12.19.13.txt,crest + centroid (counterexample),empirical,77,0.0,20412.385470145025,2.517099821733032,0.2771139368007845,0,7,0.0
IMS 1st_test,1st_test,0.25,2003.10.22.12.19.13.txt,crest + centroid (counterexample),ledoit_wolf,77,0.0353,55.56375135432373,2.120123943866025,0.20199922086260827,0,7,0.0
IMS 1st_test,1st_test,0.25,2003.10.22.12.19.13.txt,crest + centroid (counterexample),cond_target,77,0.02,98.52221657506924,2.1125225953377575,0.2022650954827818,0,7,0.0
IMS 1st_test,1st_test,0.25,2003.10.22.12.24.13.txt,RMS + kurtosis (control),empirical,77,0.0,46178.996468451194,2.8456092430996174,0.3996219287251592,0,7,0.0
IMS 1st_test,1st_test,0.25,2003.10.22.12.24.13.txt,RMS + kurtosis (control),ledoit_wolf,77,0.0317,61.95801635154615,2.017389453628631,0.37672163811565984,0,7,0.0
IMS 1st_test,1st_test,0.25,2003.10.22.12.24.13.txt,RMS + kurtosis (control),cond_target,77,0.02,98.78823629483009,2.0116718450626188,0.3768638281325916,0,7,0.0
IMS 1st_test,1st_test,0.25,2003.10.22.12.24.13.txt,RMS + centroid (problem),empirical,77,0.0,2615395354.700843,2.719288920208787,0.4991594431092728,0,7,0.0
IMS 1st_test,1st_test,0.25,2003.10.22.12.24.13.txt,RMS + centroid (problem),ledoit_wolf,77,0.0378,51.865036980572356,2.1613797068664384,0.41203530345749373,0,7,0.0
IMS 1st_test,1st_test,0.25,2003.10.22.12.24.13.txt,RMS + centroid (problem),cond_target,77,0.02,98.99999625295666,2.151624836190037,0.41203531052631903,0,7,0.0
IMS 1st_test,1st_test,0.25,2003.10.22.12.24.13.txt,crest + centroid (counterexample),empirical,77,0.0,20622.59903098199,2.580625978034747,0.562492902742255,0,7,0.0
IMS 1st_test,1st_test,0.25,2003.10.22.12.24.13.txt,crest + centroid (counterexample),ledoit_wolf,77,0.0378,51.7271848065252,2.1621423920913427,0.41192017075062326,0,7,0.0
IMS 1st_test,1st_test,0.25,2003.10.22.12.24.13.txt,crest + centroid (counterexample),cond_target,77,0.02,98.52706352510016,2.1530804764442335,0.41181490792873743,0,7,0.0
IMS 1st_test,1st_test,0.25,2003.10.22.12.29.13.txt,RMS + kurtosis (control),empirical,77,0.0,54849.89395048721,2.882366638948658,0.6421193638211878,0,7,0.0
IMS 1st_test,1st_test,0.25,2003.10.22.12.29.13.txt,RMS + kurtosis (control),ledoit_wolf,77,0.0322,61.12816326277044,1.9948643032388749,0.28310944648558156,0,7,0.0
IMS 1st_test,1st_test,0.25,2003.10.22.12.29.13.txt,RMS + kurtosis (control),cond_target,77,0.02,98.8216524611245,1.9889952502561319,0.2830724895883673,0,7,0.0
IMS 1st_test,1st_test,0.25,2003.10.22.12.29.13.txt,RMS + centroid (problem),empirical,77,0.0,2443902311.0756044,2.780776450403625,0.733332123909906,0,7,0.0
IMS 1st_test,1st_test,0.25,2003.10.22.12.29.13.txt,RMS + centroid (problem),ledoit_wolf,77,0.0361,54.40563116589809,2.144655349354786,0.5074571045644541,2,7,0.2857142857142857
IMS 1st_test,1st_test,0.25,2003.10.22.12.29.13.txt,RMS + centroid (problem),cond_target,77,0.02,98.9999959900199,2.1359195295155704,0.5074571046037738,2,7,0.2857142857142857
IMS 1st_test,1st_test,0.25,2003.10.22.12.29.13.txt,crest + centroid (counterexample),empirical,77,0.0,18999.959058062264,2.7976210102722945,0.4405758912894094,0,7,0.0
IMS 1st_test,1st_test,0.25,2003.10.22.12.29.13.txt,crest + centroid (counterexample),ledoit_wolf,77,0.0361,54.24149705018978,2.14541988044509,0.5074917838764464,2,7,0.2857142857142857
IMS 1st_test,1st_test,0.25,2003.10.22.12.29.13.txt,crest + centroid (counterexample),cond_target,77,0.02,98.4868830301061,2.1372804660497664,0.5075295140215603,2,7,0.2857142857142857
IMS 1st_test,1st_test,0.25,2003.10.22.12.34.13.txt,RMS + kurtosis (control),empirical,77,0.0,52618.9821100713,2.7909537879990585,0.3835337092325882,0,7,0.0
IMS 1st_test,1st_test,0.25,2003.10.22.12.34.13.txt,RMS + kurtosis (control),ledoit_wolf,77,0.0284,69.2656379395354,1.9540312783124567,0.24605934894806936,0,7,0.0
IMS 1st_test,1st_test,0.25,2003.10.22.12.34.13.txt,RMS + kurtosis (control),cond_target,77,0.02,98.81410517611354,1.9500451620309913,0.2460527143864503,0,7,0.0
IMS 1st_test,1st_test,0.25,2003.10.22.12.34.13.txt,RMS + centroid (problem),empirical,77,0.0,2771100007.6873727,2.7423955798429294,0.4824555810406922,0,7,0.0
IMS 1st_test,1st_test,0.25,2003.10.22.12.34.13.txt,RMS + centroid (problem),ledoit_wolf,77,0.0355,55.344268255849016,2.1084791999056813,0.2966545984309577,0,7,0.0
IMS 1st_test,1st_test,0.25,2003.10.22.12.34.13.txt,RMS + centroid (problem),cond_target,77,0.02,98.99999646349836,2.100212203921996,0.2966546070907051,0,7,0.0
IMS 1st_test,1st_test,0.25,2003.10.22.12.34.13.txt,crest + centroid (counterexample),empirical,77,0.0,21712.411031444517,2.57511498145102,0.45117445856046406,0,7,0.0
IMS 1st_test,1st_test,0.25,2003.10.22.12.34.13.txt,crest + centroid (counterexample),ledoit_wolf,77,0.0355,55.19539668971697,2.109292182542847,0.29664808431979756,0,7,0.0
IMS 1st_test,1st_test,0.25,2003.10.22.12.34.13.txt,crest + centroid (counterexample),cond_target,77,0.02,98.55069390119365,2.101666650964307,0.29663918092343317,0,7,0.0
IMS 1st_test,1st_test,0.25,2003.10.22.12.39.13.txt,RMS + kurtosis (control),empirical,77,0.0,50627.50892516983,2.798988896607986,0.6336708004765965,1,7,0.14285714285714285
IMS 1st_test,1st_test,0.25,2003.10.22.12.39.13.txt,RMS + kurtosis (control),ledoit_wolf,77,0.031,63.40667560472578,2.046569326558129,0.4432455115872486,0,7,0.0
IMS 1st_test,1st_test,0.25,2003.10.22.12.39.13.txt,RMS + kurtosis (control),cond_target,77,0.02,98.80680712693128,2.0410879171230443,0.4437460199079551,0,7,0.0
IMS 1st_test,1st_test,0.25,2003.10.22.12.39.13.txt,RMS + centroid (problem),empirical,77,0.0,2957339014.1866,2.654691316781933,0.7547115998125412,1,7,0.14285714285714285
IMS 1st_test,1st_test,0.25,2003.10.22.12.39.13.txt,RMS + centroid (problem),ledoit_wolf,77,0.0384,51.139890854512494,2.1843576884203317,0.47027175865506765,0,7,0.0
IMS 1st_test,1st_test,0.25,2003.10.22.12.39.13.txt,RMS + centroid (problem),cond_target,77,0.02,98.99999668621024,2.1742075446718983,0.47027176897614814,0,7,0.0
IMS 1st_test,1st_test,0.25,2003.10.22.12.39.13.txt,crest + centroid (counterexample),empirical,77,0.0,19806.023378198697,2.6177405085664747,0.47268250962213537,0,7,0.0
IMS 1st_test,1st_test,0.25,2003.10.22.12.39.13.txt,crest + centroid (counterexample),ledoit_wolf,77,0.0384,51.0001999330385,2.185242433856446,0.4701175284790283,0,7,0.0
IMS 1st_test,1st_test,0.25,2003.10.22.12.39.13.txt,crest + centroid (counterexample),cond_target,77,0.02,98.50766196985562,2.175920876313114,0.4699683898612529,0,7,0.0
IMS 1st_test,1st_test,0.25,2003.10.22.12.44.13.txt,RMS + kurtosis (control),empirical,77,0.0,45665.46179110564,2.8242013384495555,0.4769161511161191,0,7,0.0
IMS 1st_test,1st_test,0.25,2003.10.22.12.44.13.txt,RMS + kurtosis (control),ledoit_wolf,77,0.0329,59.6633196437879,2.0421701615544,0.6451280620249792,0,7,0.0
IMS 1st_test,1st_test,0.25,2003.10.22.12.44.13.txt,RMS + kurtosis (control),cond_target,77,0.02,98.78586004037953,2.035737611100781,0.6450679553989063,0,7,0.0
IMS 1st_test,1st_test,0.25,2003.10.22.12.44.13.txt,RMS + centroid (problem),empirical,77,0.0,2529545583.013556,2.7552395271239982,0.3919742007530313,0,7,0.0
IMS 1st_test,1st_test,0.25,2003.10.22.12.44.13.txt,RMS + centroid (problem),ledoit_wolf,77,0.036,54.55090630324504,2.1902253767670055,0.3255117802028724,0,7,0.0
IMS 1st_test,1st_test,0.25,2003.10.22.12.44.13.txt,RMS + centroid (problem),cond_target,77,0.02,98.99999612578652,2.1813563614098506,0.3255117809437244,0,7,0.0
IMS 1st_test,1st_test,0.25,2003.10.22.12.44.13.txt,crest + centroid (counterexample),empirical,77,0.0,20796.77047892106,2.613764221368108,0.6640242231992521,0,7,0.0
IMS 1st_test,1st_test,0.25,2003.10.22.12.44.13.txt,crest + centroid (counterexample),ledoit_wolf,77,0.036,54.40042547246649,2.1908375062745318,0.3257974671098176,0,7,0.0
IMS 1st_test,1st_test,0.25,2003.10.22.12.44.13.txt,crest + centroid (counterexample),cond_target,77,0.02,98.53100556833324,2.1824639002169888,0.32602483888801354,0,7,0.0
IMS 1st_test,1st_test,0.25,2003.10.22.12.49.13.txt,RMS + kurtosis (control),empirical,77,0.0,45743.774532874624,2.798200951419193,0.2649527756105608,0,7,0.0
IMS 1st_test,1st_test,0.25,2003.10.22.12.49.13.txt,RMS + kurtosis (control),ledoit_wolf,77,0.0317,62.092158192387004,2.0051571721226575,0.33008789398096194,0,7,0.0
IMS 1st_test,1st_test,0.25,2003.10.22.12.49.13.txt,RMS + kurtosis (control),cond_target,77,0.02,98.78622585347722,1.9994773593399104,0.33006134553823313,0,7,0.0
IMS 1st_test,1st_test,0.25,2003.10.22.12.49.13.txt,RMS + centroid (problem),empirical,77,0.0,2532745196.1959534,2.4628731760380793,0.46771447570967856,1,7,0.14285714285714285
IMS 1st_test,1st_test,0.25,2003.10.22.12.49.13.txt,RMS + centroid (problem),ledoit_wolf,77,0.0346,56.840949376225915,2.0574531267464096,0.4784155723884738,1,7,0.14285714285714285
IMS 1st_test,1st_test,0.25,2003.10.22.12.49.13.txt,RMS + centroid (problem),cond_target,77,0.02,98.9999961306808,2.0498652252541594,0.4784155745400059,1,7,0.14285714285714285
IMS 1st_test,1st_test,0.25,2003.10.22.12.49.13.txt,crest + centroid (counterexample),empirical,77,0.0,19809.4255848797,2.5335287441455407,0.49659964638559817,0,7,0.0
IMS 1st_test,1st_test,0.25,2003.10.22.12.49.13.txt,crest + centroid (counterexample),ledoit_wolf,77,0.0346,56.66897554915646,2.0585517974587377,0.47861939588265157,1,7,0.14285714285714285
IMS 1st_test,1st_test,0.25,2003.10.22.12.49.13.txt,crest + centroid (counterexample),cond_target,77,0.02,98.50774610688232,2.051777431539958,0.4787620403162331,1,7,0.14285714285714285
IMS 1st_test,1st_test,0.25,2003.10.22.12.54.13.txt,RMS + kurtosis (control),empirical,77,0.0,48163.21138851545,2.734798689761025,0.32667937707105504,0,7,0.0
IMS 1st_test,1st_test,0.25,2003.10.22.12.54.13.txt,RMS + kurtosis (control),ledoit_wolf,77,0.0286,68.92438537548635,1.9933535322234273,0.30570727287427185,0,7,0.0
IMS 1st_test,1st_test,0.25,2003.10.22.12.54.13.txt,RMS + kurtosis (control),cond_target,77,0.02,98.79694258265313,1.9892258969626975,0.3056892915661223,0,7,0.0
IMS 1st_test,1st_test,0.25,2003.10.22.12.54.13.txt,RMS + centroid (problem),empirical,77,0.0,2563720300.641702,2.679933309154233,0.2397450678556773,0,7,0.0
IMS 1st_test,1st_test,0.25,2003.10.22.12.54.13.txt,RMS + centroid (problem),ledoit_wolf,77,0.0362,54.172708162837566,2.148773708412995,0.2535451451379417,0,7,0.0
IMS 1st_test,1st_test,0.25,2003.10.22.12.54.13.txt,RMS + centroid (problem),cond_target,77,0.02,98.99999617743026,2.1399380880893437,0.2535451449962601,0,7,0.0
IMS 1st_test,1st_test,0.25,2003.10.22.12.54.13.txt,crest + centroid (counterexample),empirical,77,0.0,21432.829178467,2.674960486274402,0.3903118057717394,0,7,0.0
IMS 1st_test,1st_test,0.25,2003.10.22.12.54.13.txt,crest + centroid (counterexample),ledoit_wolf,77,0.0363,54.02868678800081,2.1491058187592396,0.25356270905195855,0,7,0.0
IMS 1st_test,1st_test,0.25,2003.10.22.12.54.13.txt,crest + centroid (counterexample),cond_target,77,0.02,98.54485984823805,2.140543021152023,0.2535782592756289,0,7,0.0
IMS 1st_test,1st_test,0.25,2003.10.22.12.59.13.txt,RMS + kurtosis (control),empirical,77,0.0,48189.49850440533,2.7779120152528956,0.3950636612802912,0,7,0.0
IMS 1st_test,1st_test,0.25,2003.10.22.12.59.13.txt,RMS + kurtosis (control),ledoit_wolf,77,0.0302,65.1129479698629,2.0069654212287724,0.4179105679609107,0,7,0.0
IMS 1st_test,1st_test,0.25,2003.10.22.12.59.13.txt,RMS + kurtosis (control),cond_target,77,0.02,98.79705312230607,2.0020046732676553,0.4181895533436395,0,7,0.0
IMS 1st_test,1st_test,0.25,2003.10.22.12.59.13.txt,RMS + centroid (problem),empirical,77,0.0,2612204270.948313,2.71438482473895,0.32354658242363904,0,7,0.0
IMS 1st_test,1st_test,0.25,2003.10.22.12.59.13.txt,RMS + centroid (problem),ledoit_wolf,77,0.0339,57.91967659948754,2.102845795765168,0.27336071347465407,0,7,0.0
IMS 1st_test,1st_test,0.25,2003.10.22.12.59.13.txt,RMS + centroid (problem),cond_target,77,0.02,98.99999624837929,2.0954278742082613,0.27336071608741125,0,7,0.0
IMS 1st_test,1st_test,0.25,2003.10.22.12.59.13.txt,crest + centroid (counterexample),empirical,77,0.0,20516.348561163715,2.533237816432511,0.41060155091786726,0,7,0.0
IMS 1st_test,1st_test,0.25,2003.10.22.12.59.13.txt,crest + centroid (counterexample),ledoit_wolf,77,0.0339,57.74738686894516,2.1037642605653244,0.2732418206389712,0,7,0.0
IMS 1st_test,1st_test,0.25,2003.10.22.12.59.13.txt,crest + centroid (counterexample),cond_target,77,0.02,98.5246260342907,2.096996393151926,0.2731565995652187,0,7,0.0
IMS 2nd_test,2nd_test,0.25,2004.02.12.10.32.39.txt,RMS + kurtosis (control),empirical,35,0.0,88448.7751477988,3.7674723377721886,0.5028071300268369,0,7,0.0
IMS 2nd_test,2nd_test,0.25,2004.02.12.10.32.39.txt,RMS + kurtosis (control),ledoit_wolf,35,0.5918,2.3794937266068423,4.487282440255467,0.06613247325884385,0,7,0.0
IMS 2nd_test,2nd_test,0.25,2004.02.12.10.32.39.txt,RMS + kurtosis (control),cond_target,35,0.02,98.88932528249703,3.784294872021622,0.06671096029839389,0,7,0.0
IMS 2nd_test,2nd_test,0.25,2004.02.12.10.32.39.txt,RMS + centroid (problem),empirical,35,0.0,577996607.0992485,2.4202641590922074,0.8409600770464486,3,7,0.42857142857142855
IMS 2nd_test,2nd_test,0.25,2004.02.12.10.32.39.txt,RMS + centroid (problem),ledoit_wolf,35,0.0933,20.441842331081308,2.3135562792674627,0.5412427461907429,0,7,0.0
IMS 2nd_test,2nd_test,0.25,2004.02.12.10.32.39.txt,RMS + centroid (problem),cond_target,35,0.02,98.99998304488606,2.270342835389406,0.5412427570580484,0,7,0.0
IMS 2nd_test,2nd_test,0.25,2004.02.12.10.32.39.txt,crest + centroid (counterexample),empirical,35,0.0,3877.5671611681723,3.3063503320287984,0.49800793598326537,0,7,0.0
IMS 2nd_test,2nd_test,0.25,2004.02.12.10.32.39.txt,crest + centroid (counterexample),ledoit_wolf,35,0.0934,20.3033540091956,2.318753578553834,0.5435996331434563,0,7,0.0
IMS 2nd_test,2nd_test,0.25,2004.02.12.10.32.39.txt,crest + centroid (counterexample),cond_target,35,0.02,96.53556281012963,2.293519210165128,0.5527968637000659,0,7,0.0
IMS 2nd_test,2nd_test,0.25,2004.02.12.10.42.39.txt,RMS + kurtosis (control),empirical,35,0.0,63030.756701063176,3.754741626390519,0.2292161702096593,0,7,0.0
IMS 2nd_test,2nd_test,0.25,2004.02.12.10.42.39.txt,RMS + kurtosis (control),ledoit_wolf,35,0.5818,2.4373450461759134,4.454508462642667,0.02127914304534159,0,7,0.0
IMS 2nd_test,2nd_test,0.25,2004.02.12.10.42.39.txt,RMS + kurtosis (control),cond_target,35,0.02,98.8447641728384,3.7699292748565245,0.023078813845555143,0,7,0.0
IMS 2nd_test,2nd_test,0.25,2004.02.12.10.42.39.txt,RMS + centroid (problem),empirical,35,0.0,494863655.3504918,2.8039058984598517,0.7852524953626625,2,7,0.2857142857142857
IMS 2nd_test,2nd_test,0.25,2004.02.12.10.42.39.txt,RMS + centroid (problem),ledoit_wolf,35,0.1511,12.235300819692899,2.8236392490928055,0.4546773634959151,0,7,0.0
IMS 2nd_test,2nd_test,0.25,2004.02.12.10.42.39.txt,RMS + centroid (problem),cond_target,35,0.02,98.99998019656944,2.728550724707586,0.4546774320753753,0,7,0.0
IMS 2nd_test,2nd_test,0.25,2004.02.12.10.42.39.txt,crest + centroid (counterexample),empirical,35,0.0,3928.4443697768934,3.234073620774918,0.601774300289349,2,7,0.2857142857142857
IMS 2nd_test,2nd_test,0.25,2004.02.12.10.42.39.txt,crest + centroid (counterexample),ledoit_wolf,35,0.1513,12.179750277882512,2.8259835467947894,0.45521070704815714,0,7,0.0
IMS 2nd_test,2nd_test,0.25,2004.02.12.10.42.39.txt,crest + centroid (counterexample),cond_target,35,0.02,96.56669512966043,2.743089397897261,0.4599775314371911,0,7,0.0
IMS 2nd_test,2nd_test,0.25,2004.02.12.10.52.39.txt,RMS + kurtosis (control),empirical,35,0.0,50361.37159752904,3.8687618192878768,0.21761670261646363,0,7,0.0
IMS 2nd_test,2nd_test,0.25,2004.02.12.10.52.39.txt,RMS + kurtosis (control),ledoit_wolf,35,0.6624,2.019439995842028,4.729051070022668,0.1529808788181437,0,7,0.0
IMS 2nd_test,2nd_test,0.25,2004.02.12.10.52.39.txt,RMS + kurtosis (control),cond_target,35,0.02,98.80578819200612,3.8869881961027213,0.15299881825220263,0,7,0.0
IMS 2nd_test,2nd_test,0.25,2004.02.12.10.52.39.txt,RMS + centroid (problem),empirical,35,0.0,433158171.3996714,2.4127342657794673,0.4357995811085642,0,7,0.0
IMS 2nd_test,2nd_test,0.25,2004.02.12.10.52.39.txt,RMS + centroid (problem),ledoit_wolf,35,0.1033,18.36699798782935,2.382330719200904,0.3826543617388221,0,7,0.0
IMS 2nd_test,2nd_test,0.25,2004.02.12.10.52.39.txt,RMS + centroid (problem),cond_target,35,0.02,98.99997737547527,2.3316984908691425,0.3826543604402214,0,7,0.0
IMS 2nd_test,2nd_test,0.25,2004.02.12.10.52.39.txt,crest + centroid (counterexample),empirical,35,0.0,3887.439497643287,3.592039113622298,0.2961851615941219,0,7,0.0
IMS 2nd_test,2nd_test,0.25,2004.02.12.10.52.39.txt,crest + centroid (counterexample),ledoit_wolf,35,0.1034,18.251861965172537,2.387764804559548,0.3850152707677724,0,7,0.0
IMS 2nd_test,2nd_test,0.25,2004.02.12.10.52.39.txt,crest + centroid (counterexample),cond_target,35,0.02,96.54166593879238,2.3585745502472526,0.39458046510217737,0,7,0.0
IMS 2nd_test,2nd_test,0.25,2004.02.12.11.02.39.txt,RMS + kurtosis (control),empirical,35,0.0,8683.13568829858,2.4948367244038843,0.49532477485868254,2,7,0.2857142857142857
IMS 2nd_test,2nd_test,0.25,2004.02.12.11.02.39.txt,RMS + kurtosis (control),ledoit_wolf,35,0.0869,21.966820548728883,2.1248683669975525,0.3935487981908275,2,7,0.2857142857142857
IMS 2nd_test,2nd_test,0.25,2004.02.12.11.02.39.txt,RMS + kurtosis (control),cond_target,35,0.02,97.88409831642007,2.090197728558335,0.39546836454205914,2,7,0.2857142857142857
IMS 2nd_test,2nd_test,0.25,2004.02.12.11.02.39.txt,RMS + centroid (problem),empirical,35,0.0,375553392.1299446,2.4446263010132676,0.533880643412487,1,7,0.14285714285714285
IMS 2nd_test,2nd_test,0.25,2004.02.12.11.02.39.txt,RMS + centroid (problem),ledoit_wolf,35,0.0871,21.952648597971596,2.3592803613653985,0.43304828576040355,1,7,0.14285714285714285
IMS 2nd_test,2nd_test,0.25,2004.02.12.11.02.39.txt,RMS + centroid (problem),cond_target,35,0.02,98.999973905182,2.3189373681377625,0.43304831299333196,1,7,0.14285714285714285
IMS 2nd_test,2nd_test,0.25,2004.02.12.11.02.39.txt,crest + centroid (counterexample),empirical,35,0.0,5097.697755772924,2.851740850811666,0.362491371152907,2,7,0.2857142857142857
IMS 2nd_test,2nd_test,0.25,2004.02.12.11.02.39.txt,crest + centroid (counterexample),ledoit_wolf,35,0.0872,21.843354828198603,2.359938480108793,0.43299910533812114,1,7,0.14285714285714285
IMS 2nd_test,2nd_test,0.25,2004.02.12.11.02.39.txt,crest + centroid (counterexample),cond_target,35,0.02,97.11418703558174,2.3217166807871124,0.4328208123963548,1,7,0.14285714285714285
IMS 2nd_test,2nd_test,0.25,2004.02.12.11.12.39.txt,RMS + kurtosis (control),empirical,35,0.0,65723.72055906763,3.7916801684328663,0.3444869664052791,0,7,0.0
IMS 2nd_test,2nd_test,0.25,2004.02.12.11.12.39.txt,RMS + kurtosis (control),ledoit_wolf,35,0.608,2.2891496006284986,4.542133566648544,0.1017029838041266,0,7,0.0
IMS 2nd_test,2nd_test,0.25,2004.02.12.11.12.39.txt,RMS + kurtosis (control),cond_target,35,0.02,98.85111523928575,3.808388545865897,0.10170675622281151,0,7,0.0
IMS 2nd_test,2nd_test,0.25,2004.02.12.11.12.39.txt,RMS + centroid (problem),empirical,35,0.0,531610206.75540394,2.3995125014280223,0.5273396106280596,0,7,0.0
IMS 2nd_test,2nd_test,0.25,2004.02.12.11.12.39.txt,RMS + centroid (problem),ledoit_wolf,35,0.0985,19.311884782051784,2.3468728492653264,0.3591782537280281,0,7,0.0
IMS 2nd_test,2nd_test,0.25,2004.02.12.11.12.39.txt,RMS + centroid (problem),cond_target,35,0.02,98.99998156544392,2.299901224828087,0.3591782888963424,0,7,0.0
IMS 2nd_test,2nd_test,0.25,2004.02.12.11.12.39.txt,crest + centroid (counterexample),empirical,35,0.0,3637.8719090206387,3.2195527025492723,0.3275651105369263,0,7,0.0
IMS 2nd_test,2nd_test,0.25,2004.02.12.11.12.39.txt,crest + centroid (counterexample),ledoit_wolf,35,0.0986,19.1809490399582,2.3514582126841406,0.3590638028927135,0,7,0.0
IMS 2nd_test,2nd_test,0.25,2004.02.12.11.12.39.txt,crest + centroid (counterexample),cond_target,35,0.02,96.37748570499748,2.321466242699516,0.3588406842154621,0,7,0.0
IMS 2nd_test,2nd_test,0.25,2004.02.12.11.22.39.txt,RMS + kurtosis (control),empirical,35,0.0,65743.3072190926,3.815428999537105,0.32017315778992184,0,7,0.0
IMS 2nd_test,2nd_test,0.25,2004.02.12.11.22.39.txt,RMS + kurtosis (control),ledoit_wolf,35,0.6184,2.2342812740850553,4.577266839317248,0.18144851870365672,0,7,0.0
IMS 2nd_test,2nd_test,0.25,2004.02.12.11.22.39.txt,RMS + kurtosis (control),cond_target,35,0.02,98.85115952927669,3.823611705583026,0.18367097140873717,0,7,0.0
IMS 2nd_test,2nd_test,0.25,2004.02.12.11.22.39.txt,RMS + centroid (problem),empirical,35,0.0,564029771.832907,2.333513640480455,0.45674276971359407,0,7,0.0
IMS 2nd_test,2nd_test,0.25,2004.02.12.11.22.39.txt,RMS + centroid (problem),ledoit_wolf,35,0.0809,23.723308773548766,2.2548011751629424,0.12414939465709889,0,7,0.0
IMS 2nd_test,2nd_test,0.25,2004.02.12.11.22.39.txt,RMS + centroid (problem),cond_target,35,0.02,98.99998262503367,2.2198569650308126,0.12414943499382453,0,7,0.0
IMS 2nd_test,2nd_test,0.25,2004.02.12.11.22.39.txt,crest + centroid (counterexample),empirical,35,0.0,4285.090878263069,3.2204977506678585,0.21929428183006722,0,7,0.0
IMS 2nd_test,2nd_test,0.25,2004.02.12.11.22.39.txt,crest + centroid (counterexample),ledoit_wolf,35,0.081,23.558541650374867,2.259990862593486,0.1261204890251253,0,7,0.0
IMS 2nd_test,2nd_test,0.25,2004.02.12.11.22.39.txt,crest + centroid (counterexample),cond_target,35,0.02,96.76464487800892,2.2401118949510788,0.1318699266250195,0,7,0.0
IMS 4th_test,4th_test,0.25,2004.03.04.09.27.46.txt,RMS + kurtosis (control),empirical,35,0.0,62048.74983809675,3.0790750594754486,0.5750063596490036,1,7,0.14285714285714285
IMS 4th_test,4th_test,0.25,2004.03.04.09.27.46.txt,RMS + kurtosis (control),ledoit_wolf,35,0.0973,19.539758320726435,2.3988251063019748,0.4785612030613209,0,7,0.0
IMS 4th_test,4th_test,0.25,2004.03.04.09.27.46.txt,RMS + kurtosis (control),cond_target,35,0.02,98.84231126588602,2.351621740958594,0.4789609618892532,0,7,0.0
IMS 4th_test,4th_test,0.25,2004.03.04.09.27.46.txt,RMS + centroid (problem),empirical,35,0.0,2160365858.4071937,3.0427106031344,0.6623804209061617,3,7,0.42857142857142855
IMS 4th_test,4th_test,0.25,2004.03.04.09.27.46.txt,RMS + centroid (problem),ledoit_wolf,35,0.0996,19.090198538552134,2.3293355283164474,0.8670505432173904,3,7,0.42857142857142855
IMS 4th_test,4th_test,0.25,2004.03.04.09.27.46.txt,RMS + centroid (problem),cond_target,35,0.02,98.99999546373154,2.2820626496555754,0.8670505417959806,3,7,0.42857142857142855
IMS 4th_test,4th_test,0.25,2004.03.04.09.27.46.txt,crest + centroid (counterexample),empirical,35,0.0,10118.951958655596,2.786065441429946,0.9763536376653252,3,7,0.42857142857142855
IMS 4th_test,4th_test,0.25,2004.03.04.09.27.46.txt,crest + centroid (counterexample),ledoit_wolf,35,0.0996,19.0478724135024,2.3304749514894336,0.8669498978087521,3,7,0.42857142857142855
IMS 4th_test,4th_test,0.25,2004.03.04.09.27.46.txt,crest + centroid (counterexample),cond_target,35,0.02,98.04090369188923,2.28773048372052,0.8665356062840366,3,7,0.42857142857142855
IMS 4th_test,4th_test,0.25,2004.03.04.09.32.46.txt,RMS + kurtosis (control),empirical,35,0.0,60904.77479144803,2.9599822879298556,0.4534081981482655,1,7,0.14285714285714285
IMS 4th_test,4th_test,0.25,2004.03.04.09.32.46.txt,RMS + kurtosis (control),ledoit_wolf,35,0.0786,24.429592965042946,2.1183333357665814,0.3493249513561521,1,7,0.14285714285714285
IMS 4th_test,4th_test,0.25,2004.03.04.09.32.46.txt,RMS + kurtosis (control),cond_target,35,0.02,98.83935420335051,2.0869123967537178,0.35037586262118436,1,7,0.14285714285714285
IMS 4th_test,4th_test,0.25,2004.03.04.09.32.46.txt,RMS + centroid (problem),empirical,35,0.0,4270668465.0494194,2.599603672916555,0.6059462240066367,1,7,0.14285714285714285
IMS 4th_test,4th_test,0.25,2004.03.04.09.32.46.txt,RMS + centroid (problem),ledoit_wolf,35,0.1098,17.207227608503178,2.447717702570634,0.3780405198680947,0,7,0.0
IMS 4th_test,4th_test,0.25,2004.03.04.09.32.46.txt,RMS + centroid (problem),cond_target,35,0.02,98.99999770527731,2.391537926814004,0.378040527282135,0,7,0.0
IMS 4th_test,4th_test,0.25,2004.03.04.09.32.46.txt,crest + centroid (counterexample),empirical,35,0.0,12149.135406764126,2.6435484640210296,0.4145499291585388,0,7,0.0
IMS 4th_test,4th_test,0.25,2004.03.04.09.32.46.txt,crest + centroid (counterexample),ledoit_wolf,35,0.1099,17.17796696354825,2.448062016364072,0.3781941427645602,0,7,0.0
IMS 4th_test,4th_test,0.25,2004.03.04.09.32.46.txt,crest + centroid (counterexample),cond_target,35,0.02,98.19987821210835,2.3933564972774493,0.3788888243599699,0,7,0.0
IMS 4th_test,4th_test,0.25,2004.03.04.09.42.46.txt,RMS + kurtosis (control),empirical,35,0.0,56470.308838651654,2.8157737655972603,0.286182244179148,0,7,0.0
IMS 4th_test,4th_test,0.25,2004.03.04.09.42.46.txt,RMS + kurtosis (control),ledoit_wolf,35,0.0542,35.86670557744555,1.9739825122312613,0.1950162978997281,0,7,0.0
IMS 4th_test,4th_test,0.25,2004.03.04.09.42.46.txt,RMS + kurtosis (control),cond_target,35,0.02,98.82676118550518,1.956915521129217,0.19539079637078505,0,7,0.0
IMS 4th_test,4th_test,0.25,2004.03.04.09.42.46.txt,RMS + centroid (problem),empirical,35,0.0,3069990477.245784,2.8845134622462902,0.3102313031270262,0,7,0.0
IMS 4th_test,4th_test,0.25,2004.03.04.09.42.46.txt,RMS + centroid (problem),ledoit_wolf,35,0.1127,16.74168111964185,2.4912648580729373,0.36941833997532436,0,7,0.0
IMS 4th_test,4th_test,0.25,2004.03.04.09.42.46.txt,RMS + centroid (problem),cond_target,35,0.02,98.99999680780783,2.4322289469600014,0.3694183399703592,0,7,0.0
IMS 4th_test,4th_test,0.25,2004.03.04.09.42.46.txt,crest + centroid (counterexample),empirical,35,0.0,12100.099407947377,2.6369815474620673,0.5515052652855952,0,7,0.0
IMS 4th_test,4th_test,0.25,2004.03.04.09.42.46.txt,crest + centroid (counterexample),ledoit_wolf,35,0.1128,16.71378299687595,2.4916127500411736,0.37005580226405776,0,7,0.0
IMS 4th_test,4th_test,0.25,2004.03.04.09.42.46.txt,crest + centroid (counterexample),cond_target,35,0.02,98.19666200985169,2.4341286875745,0.37322661799471685,0,7,0.0
IMS 4th_test,4th_test,0.25,2004.03.04.09.52.46.txt,RMS + kurtosis (control),empirical,35,0.0,53701.208297832476,2.9400240871875836,0.5638988907212784,0,7,0.0
IMS 4th_test,4th_test,0.25,2004.03.04.09.52.46.txt,RMS + kurtosis (control),ledoit_wolf,35,0.0762,25.22001846433878,2.143896290125194,0.2835958152384739,1,7,0.14285714285714285
IMS 4th_test,4th_test,0.25,2004.03.04.09.52.46.txt,RMS + kurtosis (control),cond_target,35,0.02,98.81784457142344,2.1132510088681493,0.28546760940574534,1,7,0.14285714285714285
IMS 4th_test,4th_test,0.25,2004.03.04.09.52.46.txt,RMS + centroid (problem),empirical,35,0.0,3802877511.2727203,3.0449508743674767,0.5250042299732337,0,7,0.0
IMS 4th_test,4th_test,0.25,2004.03.04.09.52.46.txt,RMS + centroid (problem),ledoit_wolf,35,0.133,14.04023921932234,2.6209696966863394,0.28820433278125135,0,7,0.0
IMS 4th_test,4th_test,0.25,2004.03.04.09.52.46.txt,RMS + centroid (problem),cond_target,35,0.02,98.99999742300413,2.5450966835149353,0.2882043327258274,0,7,0.0
IMS 4th_test,4th_test,0.25,2004.03.04.09.52.46.txt,crest + centroid (counterexample),empirical,35,0.0,12159.326187821807,2.868906698723803,0.36650567809113715,0,7,0.0
IMS 4th_test,4th_test,0.25,2004.03.04.09.52.46.txt,crest + centroid (counterexample),ledoit_wolf,35,0.133,14.01998055962337,2.6214552724996154,0.28815731779061515,0,7,0.0
IMS 4th_test,4th_test,0.25,2004.03.04.09.52.46.txt,crest + centroid (counterexample),cond_target,35,0.02,98.20054338171096,2.548126209022602,0.2878873935059714,0,7,0.0
IMS 4th_test,4th_test,0.25,2004.03.04.10.02.46.txt,RMS + kurtosis (control),empirical,35,0.0,39242.10495329236,2.900834242291857,0.5737343764172217,0,7,0.0
IMS 4th_test,4th_test,0.25,2004.03.04.10.02.46.txt,RMS + kurtosis (control),ledoit_wolf,35,0.0662,29.199602899129154,2.0890282597411214,0.7641855537887059,1,7,0.14285714285714285
IMS 4th_test,4th_test,0.25,2004.03.04.10.02.46.txt,RMS + kurtosis (control),cond_target,35,0.02,98.75089667634818,2.0646089072915768,0.7642108998390642,1,7,0.14285714285714285
IMS 4th_test,4th_test,0.25,2004.03.04.10.02.46.txt,RMS + centroid (problem),empirical,35,0.0,3360821234.557256,2.933669122612659,0.2034465916825605,0,7,0.0
IMS 4th_test,4th_test,0.25,2004.03.04.10.02.46.txt,RMS + centroid (problem),ledoit_wolf,35,0.1068,17.727919017458678,2.460623771475093,0.18359911214924715,0,7,0.0
IMS 4th_test,4th_test,0.25,2004.03.04.10.02.46.txt,RMS + centroid (problem),cond_target,35,0.02,98.99999708404614,2.4060892763019335,0.18359911169835771,0,7,0.0
IMS 4th_test,4th_test,0.25,2004.03.04.10.02.46.txt,crest + centroid (counterexample),empirical,35,0.0,16972.656148798163,2.6445991871223247,0.639549447981464,0,7,0.0
IMS 4th_test,4th_test,0.25,2004.03.04.10.02.46.txt,crest + centroid (counterexample),ledoit_wolf,35,0.1068,17.70565764344908,2.460910443171012,0.1843048716593755,0,7,0.0
IMS 4th_test,4th_test,0.25,2004.03.04.10.02.46.txt,crest + centroid (counterexample),cond_target,35,0.02,98.42594907520497,2.407506325256884,0.18744803675787544,0,7,0.0
IMS 4th_test,4th_test,0.25,2004.03.04.10.12.46.txt,RMS + kurtosis (control),empirical,35,0.0,52868.72315131993,2.925987129699195,0.4435861876179226,0,7,0.0
IMS 4th_test,4th_test,0.25,2004.03.04.10.12.46.txt,RMS + kurtosis (control),ledoit_wolf,35,0.0668,28.90449291197709,2.0198144988277105,0.4730177121056997,0,7,0.0
IMS 4th_test,4th_test,0.25,2004.03.04.10.12.46.txt,RMS + kurtosis (control),cond_target,35,0.02,98.81498166398421,1.9958483391985107,0.4732856922703436,0,7,0.0
IMS 4th_test,4th_test,0.25,2004.03.04.10.12.46.txt,RMS + centroid (problem),empirical,35,0.0,3204108568.8563447,3.037296796480494,0.34054624816943335,0,7,0.0
IMS 4th_test,4th_test,0.25,2004.03.04.10.12.46.txt,RMS + centroid (problem),ledoit_wolf,35,0.1123,16.809081787940425,2.5313592179838653,0.21323356202525198,0,7,0.0
IMS 4th_test,4th_test,0.25,2004.03.04.10.12.46.txt,RMS + centroid (problem),cond_target,35,0.02,98.99999694142707,2.4716525129979217,0.21323356397914528,0,7,0.0
IMS 4th_test,4th_test,0.25,2004.03.04.10.12.46.txt,crest + centroid (counterexample),empirical,35,0.0,12023.933500764877,2.674071648730731,0.38348429386143534,0,7,0.0
IMS 4th_test,4th_test,0.25,2004.03.04.10.12.46.txt,crest + centroid (counterexample),ledoit_wolf,35,0.1123,16.780677665177077,2.5317367147339844,0.21361270226600187,0,7,0.0
IMS 4th_test,4th_test,0.25,2004.03.04.10.12.46.txt,crest + centroid (counterexample),cond_target,35,0.02,98.19161480186443,2.4735897486684384,0.21549944184382844,0,7,0.0
MFPT,MFPT,1.0,baseline_1.mat,RMS + kurtosis (control),empirical,22,0.0,2.4293693931300724,2.4916301869668596,0.7734551911374522,1,11,0.09090909090909091
MFPT,MFPT,1.0,baseline_1.mat,RMS + kurtosis (control),ledoit_wolf,22,0.7134,1.2712710276784482,2.423556619818836,0.7324461535700831,1,11,0.09090909090909091
MFPT,MFPT,1.0,baseline_1.mat,RMS + kurtosis (control),cond_target,22,0.0,2.4293693931300724,2.4916301869668596,0.7734551911374522,1,11,0.09090909090909091
MFPT,MFPT,1.0,baseline_1.mat,RMS + centroid (problem),empirical,22,0.0,2282674812.2260017,2.378633398253177,0.7971604214725235,2,11,0.18181818181818182
MFPT,MFPT,1.0,baseline_1.mat,RMS + centroid (problem),ledoit_wolf,22,0.21,8.521546996937163,2.432656551836247,0.25333924583887696,0,11,0.0
MFPT,MFPT,1.0,baseline_1.mat,RMS + centroid (problem),cond_target,22,0.02,98.99999570679124,2.3129628963028757,0.25333926677308577,0,11,0.0
MFPT,MFPT,1.0,baseline_1.mat,crest + centroid (counterexample),empirical,22,0.0,1305969.462220455,2.760388768830958,0.4625763871099398,2,11,0.18181818181818182
MFPT,MFPT,1.0,baseline_1.mat,crest + centroid (counterexample),ledoit_wolf,22,0.2101,8.5214666300766,2.432659864426014,0.2533389362598335,0,11,0.0
MFPT,MFPT,1.0,baseline_1.mat,crest + centroid (counterexample),cond_target,22,0.02,98.99249656485593,2.3129925509048634,0.2533362324057903,0,11,0.0
MFPT,MFPT,1.0,baseline_2.mat,RMS + kurtosis (control),empirical,22,0.0,1.7849887081680733,2.3674247551329834,0.4400826617310893,0,11,0.0
MFPT,MFPT,1.0,baseline_2.mat,RMS + kurtosis (control),ledoit_wolf,22,1.0,1.0,2.5506508483354207,0.3878430889476693,0,11,0.0
MFPT,MFPT,1.0,baseline_2.mat,RMS + kurtosis (control),cond_target,22,0.0,1.7849887081680733,2.3674247551329834,0.4400826617310893,0,11,0.0
MFPT,MFPT,1.0,baseline_2.mat,RMS + centroid (problem),empirical,22,0.0,826918510.004177,2.5897579442751493,0.46851085768011247,2,11,0.18181818181818182
MFPT,MFPT,1.0,baseline_2.mat,RMS + centroid (problem),ledoit_wolf,22,0.1629,11.275896979260812,2.368833105206131,0.4188896492437487,2,11,0.18181818181818182
MFPT,MFPT,1.0,baseline_2.mat,RMS + centroid (problem),cond_target,22,0.02,98.99998814877317,2.2817381597461983,0.4188896567345726,2,11,0.18181818181818182
MFPT,MFPT,1.0,baseline_2.mat,crest + centroid (counterexample),empirical,22,0.0,408138.57373720745,2.5925762301457405,0.4594715195795007,2,11,0.18181818181818182
MFPT,MFPT,1.0,baseline_2.mat,crest + centroid (counterexample),ledoit_wolf,22,0.1629,11.275492800010921,2.3688405249929976,0.41888935636476266,2,11,0.18181818181818182
MFPT,MFPT,1.0,baseline_2.mat,crest + centroid (counterexample),cond_target,22,0.02,98.97599437036061,2.281790398440045,0.41888722131552764,2,11,0.18181818181818182
MFPT,MFPT,1.0,baseline_3.mat,RMS + kurtosis (control),empirical,22,0.0,1.7858624351057195,2.4810670166437623,0.7664800717319064,2,11,0.18181818181818182
MFPT,MFPT,1.0,baseline_3.mat,RMS + kurtosis (control),ledoit_wolf,22,1.0,1.0,2.391383125577526,0.6751967432702808,3,11,0.2727272727272727
MFPT,MFPT,1.0,baseline_3.mat,RMS + kurtosis (control),cond_target,22,0.0,1.7858624351057195,2.4810670166437623,0.7664800717319064,2,11,0.18181818181818182
MFPT,MFPT,1.0,baseline_3.mat,RMS + centroid (problem),empirical,22,0.0,3549514178.9390483,2.4382626402768977,1.5755918868266516,9,11,0.8181818181818182
MFPT,MFPT,1.0,baseline_3.mat,RMS + centroid (problem),ledoit_wolf,22,0.2201,8.084843406084067,2.513555683127358,0.31059948369968365,1,11,0.09090909090909091
MFPT,MFPT,1.0,baseline_3.mat,RMS + centroid (problem),cond_target,22,0.02,98.99999723905884,2.3831314447211884,0.31059953278534563,1,11,0.09090909090909091
MFPT,MFPT,1.0,baseline_3.mat,crest + centroid (counterexample),empirical,22,0.0,424419.0322404153,2.4468568858786375,0.4135576557737071,1,11,0.09090909090909091
MFPT,MFPT,1.0,baseline_3.mat,crest + centroid (counterexample),ledoit_wolf,22,0.2201,8.0846405731985,2.5135576949220666,0.3105993058867584,1,11,0.09090909090909091
MFPT,MFPT,1.0,baseline_3.mat,crest + centroid (counterexample),cond_target,22,0.02,98.97691499711266,2.383149396603517,0.31059726982063085,1,11,0.09090909090909091
